date,state,sex,ethnicity,age,population
1/1/2020,Johor,male,bumi_malay,15-19,102.3
1/1/2020,Johor,male,bumi_malay,20-24,100.6
1/1/2020,Johor,male,bumi_malay,25-29,88.9
1/1/2020,Johor,male,bumi_malay,30-34,90.7
1/1/2020,Johor,male,bumi_malay,35-39,84.2
1/1/2020,Johor,male,bumi_malay,40-44,66.1
1/1/2020,Johor,male,bumi_malay,45-49,58.2
1/1/2020,Johor,male,bumi_malay,50-54,53.2
1/1/2020,Johor,male,bumi_malay,55-59,49.6
1/1/2020,Johor,male,bumi_malay,60-64,39.6
1/1/2020,Johor,male,bumi_malay,65-69,24.7
1/1/2020,Johor,male,bumi_malay,70-74,16.8
1/1/2020,Johor,male,bumi_malay,75-79,9
1/1/2020,Johor,male,bumi_malay,80-84,5.2
1/1/2020,Johor,male,bumi_malay,85+,5.3
1/1/2020,Johor,female,bumi_malay,15-19,96.8
1/1/2020,Johor,female,bumi_malay,20-24,93.2
1/1/2020,Johor,female,bumi_malay,25-29,84.9
1/1/2020,Johor,female,bumi_malay,30-34,85.5
1/1/2020,Johor,female,bumi_malay,35-39,83.2
1/1/2020,Johor,female,bumi_malay,40-44,62.6
1/1/2020,Johor,female,bumi_malay,45-49,58.1
1/1/2020,Johor,female,bumi_malay,50-54,54.6
1/1/2020,Johor,female,bumi_malay,55-59,48.8
1/1/2020,Johor,female,bumi_malay,60-64,40.9
1/1/2020,Johor,female,bumi_malay,65-69,25.4
1/1/2020,Johor,female,bumi_malay,70-74,17.5
1/1/2020,Johor,female,bumi_malay,75-79,10.1
1/1/2020,Johor,female,bumi_malay,80-84,6.4
1/1/2020,Johor,female,bumi_malay,85+,5.1
1/1/2020,Kedah,male,bumi_malay,15-19,78.7
1/1/2020,Kedah,male,bumi_malay,20-24,87
1/1/2020,Kedah,male,bumi_malay,25-29,73.9
1/1/2020,Kedah,male,bumi_malay,30-34,56.5
1/1/2020,Kedah,male,bumi_malay,35-39,48
1/1/2020,Kedah,male,bumi_malay,40-44,44.4
1/1/2020,Kedah,male,bumi_malay,45-49,42.3
1/1/2020,Kedah,male,bumi_malay,50-54,39.9
1/1/2020,Kedah,male,bumi_malay,55-59,37.7
1/1/2020,Kedah,male,bumi_malay,60-64,31.1
1/1/2020,Kedah,male,bumi_malay,65-69,24.8
1/1/2020,Kedah,male,bumi_malay,70-74,16.8
1/1/2020,Kedah,male,bumi_malay,75-79,8.5
1/1/2020,Kedah,male,bumi_malay,80-84,5.6
1/1/2020,Kedah,male,bumi_malay,85+,4
1/1/2020,Kedah,female,bumi_malay,15-19,72.5
1/1/2020,Kedah,female,bumi_malay,20-24,81.5
1/1/2020,Kedah,female,bumi_malay,25-29,70.7
1/1/2020,Kedah,female,bumi_malay,30-34,56.5
1/1/2020,Kedah,female,bumi_malay,35-39,52.5
1/1/2020,Kedah,female,bumi_malay,40-44,44.1
1/1/2020,Kedah,female,bumi_malay,45-49,45
1/1/2020,Kedah,female,bumi_malay,50-54,43.4
1/1/2020,Kedah,female,bumi_malay,55-59,39.6
1/1/2020,Kedah,female,bumi_malay,60-64,34.7
1/1/2020,Kedah,female,bumi_malay,65-69,26.9
1/1/2020,Kedah,female,bumi_malay,70-74,18.3
1/1/2020,Kedah,female,bumi_malay,75-79,11.3
1/1/2020,Kedah,female,bumi_malay,80-84,7.7
1/1/2020,Kedah,female,bumi_malay,85+,4.8
1/1/2020,Kelantan,male,bumi_malay,15-19,100.1
1/1/2020,Kelantan,male,bumi_malay,20-24,78.2
1/1/2020,Kelantan,male,bumi_malay,25-29,60
1/1/2020,Kelantan,male,bumi_malay,30-34,53.9
1/1/2020,Kelantan,male,bumi_malay,35-39,49.6
1/1/2020,Kelantan,male,bumi_malay,40-44,40.1
1/1/2020,Kelantan,male,bumi_malay,45-49,38.2
1/1/2020,Kelantan,male,bumi_malay,50-54,35.9
1/1/2020,Kelantan,male,bumi_malay,55-59,37.2
1/1/2020,Kelantan,male,bumi_malay,60-64,28.9
1/1/2020,Kelantan,male,bumi_malay,65-69,20.5
1/1/2020,Kelantan,male,bumi_malay,70-74,14.7
1/1/2020,Kelantan,male,bumi_malay,75-79,7.6
1/1/2020,Kelantan,male,bumi_malay,80-84,3.5
1/1/2020,Kelantan,male,bumi_malay,85+,1.9
1/1/2020,Kelantan,female,bumi_malay,15-19,98.4
1/1/2020,Kelantan,female,bumi_malay,20-24,82
1/1/2020,Kelantan,female,bumi_malay,25-29,58.4
1/1/2020,Kelantan,female,bumi_malay,30-34,52.5
1/1/2020,Kelantan,female,bumi_malay,35-39,48.1
1/1/2020,Kelantan,female,bumi_malay,40-44,39.8
1/1/2020,Kelantan,female,bumi_malay,45-49,41.3
1/1/2020,Kelantan,female,bumi_malay,50-54,39.7
1/1/2020,Kelantan,female,bumi_malay,55-59,39.9
1/1/2020,Kelantan,female,bumi_malay,60-64,32.3
1/1/2020,Kelantan,female,bumi_malay,65-69,22.5
1/1/2020,Kelantan,female,bumi_malay,70-74,15.7
1/1/2020,Kelantan,female,bumi_malay,75-79,9.4
1/1/2020,Kelantan,female,bumi_malay,80-84,5.6
1/1/2020,Kelantan,female,bumi_malay,85+,3.3
1/1/2020,Melaka,male,bumi_malay,15-19,40.7
1/1/2020,Melaka,male,bumi_malay,20-24,33.8
1/1/2020,Melaka,male,bumi_malay,25-29,25.9
1/1/2020,Melaka,male,bumi_malay,30-34,24.6
1/1/2020,Melaka,male,bumi_malay,35-39,24.5
1/1/2020,Melaka,male,bumi_malay,40-44,26.5
1/1/2020,Melaka,male,bumi_malay,45-49,13.5
1/1/2020,Melaka,male,bumi_malay,50-54,12.3
1/1/2020,Melaka,male,bumi_malay,55-59,12.6
1/1/2020,Melaka,male,bumi_malay,60-64,9.9
1/1/2020,Melaka,male,bumi_malay,65-69,7.1
1/1/2020,Melaka,male,bumi_malay,70-74,4.4
1/1/2020,Melaka,male,bumi_malay,75-79,2.1
1/1/2020,Melaka,male,bumi_malay,80-84,1.1
1/1/2020,Melaka,male,bumi_malay,85+,0.6
1/1/2020,Melaka,female,bumi_malay,15-19,36.4
1/1/2020,Melaka,female,bumi_malay,20-24,31.7
1/1/2020,Melaka,female,bumi_malay,25-29,27.4
1/1/2020,Melaka,female,bumi_malay,30-34,23.8
1/1/2020,Melaka,female,bumi_malay,35-39,22.8
1/1/2020,Melaka,female,bumi_malay,40-44,26.1
1/1/2020,Melaka,female,bumi_malay,45-49,14.5
1/1/2020,Melaka,female,bumi_malay,50-54,13.2
1/1/2020,Melaka,female,bumi_malay,55-59,13.2
1/1/2020,Melaka,female,bumi_malay,60-64,10.4
1/1/2020,Melaka,female,bumi_malay,65-69,8.3
1/1/2020,Melaka,female,bumi_malay,70-74,4.9
1/1/2020,Melaka,female,bumi_malay,75-79,2.5
1/1/2020,Melaka,female,bumi_malay,80-84,1.7
1/1/2020,Melaka,female,bumi_malay,85+,0.9
1/1/2020,Negeri Sembilan,male,bumi_malay,15-19,32.4
1/1/2020,Negeri Sembilan,male,bumi_malay,20-24,29.8
1/1/2020,Negeri Sembilan,male,bumi_malay,25-29,28.6
1/1/2020,Negeri Sembilan,male,bumi_malay,30-34,30.7
1/1/2020,Negeri Sembilan,male,bumi_malay,35-39,28.7
1/1/2020,Negeri Sembilan,male,bumi_malay,40-44,20.9
1/1/2020,Negeri Sembilan,male,bumi_malay,45-49,17.5
1/1/2020,Negeri Sembilan,male,bumi_malay,50-54,14.2
1/1/2020,Negeri Sembilan,male,bumi_malay,55-59,17
1/1/2020,Negeri Sembilan,male,bumi_malay,60-64,12.1
1/1/2020,Negeri Sembilan,male,bumi_malay,65-69,9.9
1/1/2020,Negeri Sembilan,male,bumi_malay,70-74,5.4
1/1/2020,Negeri Sembilan,male,bumi_malay,75-79,2.3
1/1/2020,Negeri Sembilan,male,bumi_malay,80-84,1.2
1/1/2020,Negeri Sembilan,male,bumi_malay,85+,0.5
1/1/2020,Negeri Sembilan,female,bumi_malay,15-19,30.3
1/1/2020,Negeri Sembilan,female,bumi_malay,20-24,31.4
1/1/2020,Negeri Sembilan,female,bumi_malay,25-29,27.9
1/1/2020,Negeri Sembilan,female,bumi_malay,30-34,29.9
1/1/2020,Negeri Sembilan,female,bumi_malay,35-39,27.3
1/1/2020,Negeri Sembilan,female,bumi_malay,40-44,20.8
1/1/2020,Negeri Sembilan,female,bumi_malay,45-49,16.9
1/1/2020,Negeri Sembilan,female,bumi_malay,50-54,15.7
1/1/2020,Negeri Sembilan,female,bumi_malay,55-59,17.6
1/1/2020,Negeri Sembilan,female,bumi_malay,60-64,13.4
1/1/2020,Negeri Sembilan,female,bumi_malay,65-69,9.9
1/1/2020,Negeri Sembilan,female,bumi_malay,70-74,5.5
1/1/2020,Negeri Sembilan,female,bumi_malay,75-79,2.5
1/1/2020,Negeri Sembilan,female,bumi_malay,80-84,1.7
1/1/2020,Negeri Sembilan,female,bumi_malay,85+,0.8
1/1/2020,Pahang,male,bumi_malay,15-19,61.1
1/1/2020,Pahang,male,bumi_malay,20-24,44.9
1/1/2020,Pahang,male,bumi_malay,25-29,40.4
1/1/2020,Pahang,male,bumi_malay,30-34,44.3
1/1/2020,Pahang,male,bumi_malay,35-39,48.3
1/1/2020,Pahang,male,bumi_malay,40-44,40.2
1/1/2020,Pahang,male,bumi_malay,45-49,30.8
1/1/2020,Pahang,male,bumi_malay,50-54,24.4
1/1/2020,Pahang,male,bumi_malay,55-59,23.6
1/1/2020,Pahang,male,bumi_malay,60-64,17.4
1/1/2020,Pahang,male,bumi_malay,65-69,14.7
1/1/2020,Pahang,male,bumi_malay,70-74,11.2
1/1/2020,Pahang,male,bumi_malay,75-79,5.3
1/1/2020,Pahang,male,bumi_malay,80-84,3
1/1/2020,Pahang,male,bumi_malay,85+,2.8
1/1/2020,Pahang,female,bumi_malay,15-19,55.7
1/1/2020,Pahang,female,bumi_malay,20-24,42.2
1/1/2020,Pahang,female,bumi_malay,25-29,38.4
1/1/2020,Pahang,female,bumi_malay,30-34,43.9
1/1/2020,Pahang,female,bumi_malay,35-39,45.5
1/1/2020,Pahang,female,bumi_malay,40-44,40.5
1/1/2020,Pahang,female,bumi_malay,45-49,29.9
1/1/2020,Pahang,female,bumi_malay,50-54,24.5
1/1/2020,Pahang,female,bumi_malay,55-59,23.7
1/1/2020,Pahang,female,bumi_malay,60-64,18.3
1/1/2020,Pahang,female,bumi_malay,65-69,15.1
1/1/2020,Pahang,female,bumi_malay,70-74,11.1
1/1/2020,Pahang,female,bumi_malay,75-79,5.4
1/1/2020,Pahang,female,bumi_malay,80-84,3.6
1/1/2020,Pahang,female,bumi_malay,85+,2.6
1/1/2020,Perak,male,bumi_malay,15-19,69.9
1/1/2020,Perak,male,bumi_malay,20-24,64.2
1/1/2020,Perak,male,bumi_malay,25-29,51
1/1/2020,Perak,male,bumi_malay,30-34,51.1
1/1/2020,Perak,male,bumi_malay,35-39,51.8
1/1/2020,Perak,male,bumi_malay,40-44,42.3
1/1/2020,Perak,male,bumi_malay,45-49,31.8
1/1/2020,Perak,male,bumi_malay,50-54,30.8
1/1/2020,Perak,male,bumi_malay,55-59,33.1
1/1/2020,Perak,male,bumi_malay,60-64,25.9
1/1/2020,Perak,male,bumi_malay,65-69,19.3
1/1/2020,Perak,male,bumi_malay,70-74,12
1/1/2020,Perak,male,bumi_malay,75-79,5.4
1/1/2020,Perak,male,bumi_malay,80-84,3.2
1/1/2020,Perak,male,bumi_malay,85+,1.4
1/1/2020,Perak,female,bumi_malay,15-19,65.1
1/1/2020,Perak,female,bumi_malay,20-24,61.9
1/1/2020,Perak,female,bumi_malay,25-29,48.3
1/1/2020,Perak,female,bumi_malay,30-34,50.1
1/1/2020,Perak,female,bumi_malay,35-39,50.3
1/1/2020,Perak,female,bumi_malay,40-44,41.2
1/1/2020,Perak,female,bumi_malay,45-49,34.7
1/1/2020,Perak,female,bumi_malay,50-54,34
1/1/2020,Perak,female,bumi_malay,55-59,35.6
1/1/2020,Perak,female,bumi_malay,60-64,28.3
1/1/2020,Perak,female,bumi_malay,65-69,22.1
1/1/2020,Perak,female,bumi_malay,70-74,14.3
1/1/2020,Perak,female,bumi_malay,75-79,7.3
1/1/2020,Perak,female,bumi_malay,80-84,5
1/1/2020,Perak,female,bumi_malay,85+,2.8
1/1/2020,Perlis,male,bumi_malay,15-19,17.4
1/1/2020,Perlis,male,bumi_malay,20-24,13
1/1/2020,Perlis,male,bumi_malay,25-29,9.4
1/1/2020,Perlis,male,bumi_malay,30-34,8.7
1/1/2020,Perlis,male,bumi_malay,35-39,8.3
1/1/2020,Perlis,male,bumi_malay,40-44,10.7
1/1/2020,Perlis,male,bumi_malay,45-49,4.7
1/1/2020,Perlis,male,bumi_malay,50-54,5.1
1/1/2020,Perlis,male,bumi_malay,55-59,5.2
1/1/2020,Perlis,male,bumi_malay,60-64,4.2
1/1/2020,Perlis,male,bumi_malay,65-69,3.4
1/1/2020,Perlis,male,bumi_malay,70-74,2.4
1/1/2020,Perlis,male,bumi_malay,75-79,1.3
1/1/2020,Perlis,male,bumi_malay,80-84,0.8
1/1/2020,Perlis,male,bumi_malay,85+,0.4
1/1/2020,Perlis,female,bumi_malay,15-19,16
1/1/2020,Perlis,female,bumi_malay,20-24,13.6
1/1/2020,Perlis,female,bumi_malay,25-29,8.4
1/1/2020,Perlis,female,bumi_malay,30-34,8.2
1/1/2020,Perlis,female,bumi_malay,35-39,8.1
1/1/2020,Perlis,female,bumi_malay,40-44,11.2
1/1/2020,Perlis,female,bumi_malay,45-49,6.1
1/1/2020,Perlis,female,bumi_malay,50-54,5.4
1/1/2020,Perlis,female,bumi_malay,55-59,5.6
1/1/2020,Perlis,female,bumi_malay,60-64,4.6
1/1/2020,Perlis,female,bumi_malay,65-69,4.4
1/1/2020,Perlis,female,bumi_malay,70-74,2.7
1/1/2020,Perlis,female,bumi_malay,75-79,1.6
1/1/2020,Perlis,female,bumi_malay,80-84,1.1
1/1/2020,Perlis,female,bumi_malay,85+,0.8
1/1/2020,Pulau Pinang,male,bumi_malay,15-19,31.6
1/1/2020,Pulau Pinang,male,bumi_malay,20-24,37.6
1/1/2020,Pulau Pinang,male,bumi_malay,25-29,35.6
1/1/2020,Pulau Pinang,male,bumi_malay,30-34,34.8
1/1/2020,Pulau Pinang,male,bumi_malay,35-39,34
1/1/2020,Pulau Pinang,male,bumi_malay,40-44,24.6
1/1/2020,Pulau Pinang,male,bumi_malay,45-49,22.5
1/1/2020,Pulau Pinang,male,bumi_malay,50-54,19
1/1/2020,Pulau Pinang,male,bumi_malay,55-59,15.4
1/1/2020,Pulau Pinang,male,bumi_malay,60-64,12.4
1/1/2020,Pulau Pinang,male,bumi_malay,65-69,7.6
1/1/2020,Pulau Pinang,male,bumi_malay,70-74,3.9
1/1/2020,Pulau Pinang,male,bumi_malay,75-79,1.8
1/1/2020,Pulau Pinang,male,bumi_malay,80-84,0.8
1/1/2020,Pulau Pinang,male,bumi_malay,85+,0.3
1/1/2020,Pulau Pinang,female,bumi_malay,15-19,29.8
1/1/2020,Pulau Pinang,female,bumi_malay,20-24,32.2
1/1/2020,Pulau Pinang,female,bumi_malay,25-29,35.9
1/1/2020,Pulau Pinang,female,bumi_malay,30-34,37.2
1/1/2020,Pulau Pinang,female,bumi_malay,35-39,32.7
1/1/2020,Pulau Pinang,female,bumi_malay,40-44,23.6
1/1/2020,Pulau Pinang,female,bumi_malay,45-49,21.5
1/1/2020,Pulau Pinang,female,bumi_malay,50-54,18.7
1/1/2020,Pulau Pinang,female,bumi_malay,55-59,15.8
1/1/2020,Pulau Pinang,female,bumi_malay,60-64,13.3
1/1/2020,Pulau Pinang,female,bumi_malay,65-69,8.2
1/1/2020,Pulau Pinang,female,bumi_malay,70-74,4.2
1/1/2020,Pulau Pinang,female,bumi_malay,75-79,2
1/1/2020,Pulau Pinang,female,bumi_malay,80-84,1
1/1/2020,Pulau Pinang,female,bumi_malay,85+,0.5
1/1/2020,Sabah,male,bumi_malay,15-19,23.3
1/1/2020,Sabah,male,bumi_malay,20-24,9.5
1/1/2020,Sabah,male,bumi_malay,25-29,10.2
1/1/2020,Sabah,male,bumi_malay,30-34,13.1
1/1/2020,Sabah,male,bumi_malay,35-39,12
1/1/2020,Sabah,male,bumi_malay,40-44,7.9
1/1/2020,Sabah,male,bumi_malay,45-49,6.6
1/1/2020,Sabah,male,bumi_malay,50-54,5.5
1/1/2020,Sabah,male,bumi_malay,55-59,4.8
1/1/2020,Sabah,male,bumi_malay,60-64,3
1/1/2020,Sabah,male,bumi_malay,65-69,2.8
1/1/2020,Sabah,male,bumi_malay,70-74,1.2
1/1/2020,Sabah,male,bumi_malay,75-79,0.4
1/1/2020,Sabah,male,bumi_malay,80-84,0.1
1/1/2020,Sabah,male,bumi_malay,85+,0.1
1/1/2020,Sabah,female,bumi_malay,15-19,14.7
1/1/2020,Sabah,female,bumi_malay,20-24,6.2
1/1/2020,Sabah,female,bumi_malay,25-29,6.7
1/1/2020,Sabah,female,bumi_malay,30-34,9.8
1/1/2020,Sabah,female,bumi_malay,35-39,7.9
1/1/2020,Sabah,female,bumi_malay,40-44,5.6
1/1/2020,Sabah,female,bumi_malay,45-49,4.3
1/1/2020,Sabah,female,bumi_malay,50-54,3.1
1/1/2020,Sabah,female,bumi_malay,55-59,2.8
1/1/2020,Sabah,female,bumi_malay,60-64,1.8
1/1/2020,Sabah,female,bumi_malay,65-69,4.8
1/1/2020,Sabah,female,bumi_malay,70-74,2.5
1/1/2020,Sabah,female,bumi_malay,75-79,1.3
1/1/2020,Sabah,female,bumi_malay,80-84,0.2
1/1/2020,Sabah,female,bumi_malay,85+,0.3
1/1/2020,Sarawak,male,bumi_malay,15-19,29.1
1/1/2020,Sarawak,male,bumi_malay,20-24,28.9
1/1/2020,Sarawak,male,bumi_malay,25-29,27
1/1/2020,Sarawak,male,bumi_malay,30-34,24.8
1/1/2020,Sarawak,male,bumi_malay,35-39,20.8
1/1/2020,Sarawak,male,bumi_malay,40-44,17.2
1/1/2020,Sarawak,male,bumi_malay,45-49,15.9
1/1/2020,Sarawak,male,bumi_malay,50-54,14.7
1/1/2020,Sarawak,male,bumi_malay,55-59,13
1/1/2020,Sarawak,male,bumi_malay,60-64,9.5
1/1/2020,Sarawak,male,bumi_malay,65-69,7.1
1/1/2020,Sarawak,male,bumi_malay,70-74,4.2
1/1/2020,Sarawak,male,bumi_malay,75-79,2.6
1/1/2020,Sarawak,male,bumi_malay,80-84,1.1
1/1/2020,Sarawak,male,bumi_malay,85+,0.6
1/1/2020,Sarawak,female,bumi_malay,15-19,27.6
1/1/2020,Sarawak,female,bumi_malay,20-24,27.7
1/1/2020,Sarawak,female,bumi_malay,25-29,25.4
1/1/2020,Sarawak,female,bumi_malay,30-34,23
1/1/2020,Sarawak,female,bumi_malay,35-39,20
1/1/2020,Sarawak,female,bumi_malay,40-44,17.3
1/1/2020,Sarawak,female,bumi_malay,45-49,15.7
1/1/2020,Sarawak,female,bumi_malay,50-54,14.6
1/1/2020,Sarawak,female,bumi_malay,55-59,12.6
1/1/2020,Sarawak,female,bumi_malay,60-64,9.7
1/1/2020,Sarawak,female,bumi_malay,65-69,7.1
1/1/2020,Sarawak,female,bumi_malay,70-74,4.4
1/1/2020,Sarawak,female,bumi_malay,75-79,2.9
1/1/2020,Sarawak,female,bumi_malay,80-84,1.5
1/1/2020,Sarawak,female,bumi_malay,85+,1
1/1/2020,Selangor,male,bumi_malay,15-19,174.5
1/1/2020,Selangor,male,bumi_malay,20-24,155.1
1/1/2020,Selangor,male,bumi_malay,25-29,159
1/1/2020,Selangor,male,bumi_malay,30-34,201.3
1/1/2020,Selangor,male,bumi_malay,35-39,188
1/1/2020,Selangor,male,bumi_malay,40-44,145.5
1/1/2020,Selangor,male,bumi_malay,45-49,119.8
1/1/2020,Selangor,male,bumi_malay,50-54,95.1
1/1/2020,Selangor,male,bumi_malay,55-59,78.6
1/1/2020,Selangor,male,bumi_malay,60-64,58.5
1/1/2020,Selangor,male,bumi_malay,65-69,62.8
1/1/2020,Selangor,male,bumi_malay,70-74,36.9
1/1/2020,Selangor,male,bumi_malay,75-79,16.1
1/1/2020,Selangor,male,bumi_malay,80-84,7.5
1/1/2020,Selangor,male,bumi_malay,85+,7.4
1/1/2020,Selangor,female,bumi_malay,15-19,157.8
1/1/2020,Selangor,female,bumi_malay,20-24,141.6
1/1/2020,Selangor,female,bumi_malay,25-29,165.7
1/1/2020,Selangor,female,bumi_malay,30-34,216.4
1/1/2020,Selangor,female,bumi_malay,35-39,186.3
1/1/2020,Selangor,female,bumi_malay,40-44,131
1/1/2020,Selangor,female,bumi_malay,45-49,108.2
1/1/2020,Selangor,female,bumi_malay,50-54,87.9
1/1/2020,Selangor,female,bumi_malay,55-59,72.6
1/1/2020,Selangor,female,bumi_malay,60-64,54.4
1/1/2020,Selangor,female,bumi_malay,65-69,56.8
1/1/2020,Selangor,female,bumi_malay,70-74,40.6
1/1/2020,Selangor,female,bumi_malay,75-79,17.3
1/1/2020,Selangor,female,bumi_malay,80-84,8.8
1/1/2020,Selangor,female,bumi_malay,85+,6.6
1/1/2020,Terengganu,male,bumi_malay,15-19,56.6
1/1/2020,Terengganu,male,bumi_malay,20-24,50.9
1/1/2020,Terengganu,male,bumi_malay,25-29,43.6
1/1/2020,Terengganu,male,bumi_malay,30-34,42.2
1/1/2020,Terengganu,male,bumi_malay,35-39,40.9
1/1/2020,Terengganu,male,bumi_malay,40-44,31.5
1/1/2020,Terengganu,male,bumi_malay,45-49,27.1
1/1/2020,Terengganu,male,bumi_malay,50-54,23.6
1/1/2020,Terengganu,male,bumi_malay,55-59,23.1
1/1/2020,Terengganu,male,bumi_malay,60-64,17.8
1/1/2020,Terengganu,male,bumi_malay,65-69,12.7
1/1/2020,Terengganu,male,bumi_malay,70-74,7.9
1/1/2020,Terengganu,male,bumi_malay,75-79,4.2
1/1/2020,Terengganu,male,bumi_malay,80-84,2.1
1/1/2020,Terengganu,male,bumi_malay,85+,0.8
1/1/2020,Terengganu,female,bumi_malay,15-19,53.2
1/1/2020,Terengganu,female,bumi_malay,20-24,50.3
1/1/2020,Terengganu,female,bumi_malay,25-29,41.4
1/1/2020,Terengganu,female,bumi_malay,30-34,40.7
1/1/2020,Terengganu,female,bumi_malay,35-39,38.7
1/1/2020,Terengganu,female,bumi_malay,40-44,30.5
1/1/2020,Terengganu,female,bumi_malay,45-49,28
1/1/2020,Terengganu,female,bumi_malay,50-54,25.7
1/1/2020,Terengganu,female,bumi_malay,55-59,24.6
1/1/2020,Terengganu,female,bumi_malay,60-64,19.3
1/1/2020,Terengganu,female,bumi_malay,65-69,13.3
1/1/2020,Terengganu,female,bumi_malay,70-74,8.2
1/1/2020,Terengganu,female,bumi_malay,75-79,5.5
1/1/2020,Terengganu,female,bumi_malay,80-84,3.4
1/1/2020,Terengganu,female,bumi_malay,85+,1.6
1/1/2020,W.P. Kuala Lumpur,male,bumi_malay,15-19,32.1
1/1/2020,W.P. Kuala Lumpur,male,bumi_malay,20-24,25.9
1/1/2020,W.P. Kuala Lumpur,male,bumi_malay,25-29,38.8
1/1/2020,W.P. Kuala Lumpur,male,bumi_malay,30-34,44.7
1/1/2020,W.P. Kuala Lumpur,male,bumi_malay,35-39,46.4
1/1/2020,W.P. Kuala Lumpur,male,bumi_malay,40-44,31.8
1/1/2020,W.P. Kuala Lumpur,male,bumi_malay,45-49,26.4
1/1/2020,W.P. Kuala Lumpur,male,bumi_malay,50-54,15.7
1/1/2020,W.P. Kuala Lumpur,male,bumi_malay,55-59,15.4
1/1/2020,W.P. Kuala Lumpur,male,bumi_malay,60-64,9.4
1/1/2020,W.P. Kuala Lumpur,male,bumi_malay,65-69,12.9
1/1/2020,W.P. Kuala Lumpur,male,bumi_malay,70-74,9.1
1/1/2020,W.P. Kuala Lumpur,male,bumi_malay,75-79,4.5
1/1/2020,W.P. Kuala Lumpur,male,bumi_malay,80-84,2.6
1/1/2020,W.P. Kuala Lumpur,male,bumi_malay,85+,2.2
1/1/2020,W.P. Kuala Lumpur,female,bumi_malay,15-19,29
1/1/2020,W.P. Kuala Lumpur,female,bumi_malay,20-24,25.6
1/1/2020,W.P. Kuala Lumpur,female,bumi_malay,25-29,43.2
1/1/2020,W.P. Kuala Lumpur,female,bumi_malay,30-34,46.5
1/1/2020,W.P. Kuala Lumpur,female,bumi_malay,35-39,45.6
1/1/2020,W.P. Kuala Lumpur,female,bumi_malay,40-44,31.8
1/1/2020,W.P. Kuala Lumpur,female,bumi_malay,45-49,23.3
1/1/2020,W.P. Kuala Lumpur,female,bumi_malay,50-54,15.6
1/1/2020,W.P. Kuala Lumpur,female,bumi_malay,55-59,15.6
1/1/2020,W.P. Kuala Lumpur,female,bumi_malay,60-64,10
1/1/2020,W.P. Kuala Lumpur,female,bumi_malay,65-69,13.1
1/1/2020,W.P. Kuala Lumpur,female,bumi_malay,70-74,9.1
1/1/2020,W.P. Kuala Lumpur,female,bumi_malay,75-79,5.1
1/1/2020,W.P. Kuala Lumpur,female,bumi_malay,80-84,2
1/1/2020,W.P. Kuala Lumpur,female,bumi_malay,85+,1.7
1/1/2020,W.P. Labuan,male,bumi_malay,15-19,1
1/1/2020,W.P. Labuan,male,bumi_malay,20-24,0.8
1/1/2020,W.P. Labuan,male,bumi_malay,25-29,1.2
1/1/2020,W.P. Labuan,male,bumi_malay,30-34,1.2
1/1/2020,W.P. Labuan,male,bumi_malay,35-39,1.6
1/1/2020,W.P. Labuan,male,bumi_malay,40-44,0.7
1/1/2020,W.P. Labuan,male,bumi_malay,45-49,0.5
1/1/2020,W.P. Labuan,male,bumi_malay,50-54,0.5
1/1/2020,W.P. Labuan,male,bumi_malay,55-59,0.5
1/1/2020,W.P. Labuan,male,bumi_malay,60-64,0.3
1/1/2020,W.P. Labuan,male,bumi_malay,65-69,0.2
1/1/2020,W.P. Labuan,male,bumi_malay,70-74,0.1
1/1/2020,W.P. Labuan,male,bumi_malay,75-79,0
1/1/2020,W.P. Labuan,male,bumi_malay,80-84,0
1/1/2020,W.P. Labuan,male,bumi_malay,85+,0.1
1/1/2020,W.P. Labuan,female,bumi_malay,15-19,1.1
1/1/2020,W.P. Labuan,female,bumi_malay,20-24,1
1/1/2020,W.P. Labuan,female,bumi_malay,25-29,1.1
1/1/2020,W.P. Labuan,female,bumi_malay,30-34,1
1/1/2020,W.P. Labuan,female,bumi_malay,35-39,1.1
1/1/2020,W.P. Labuan,female,bumi_malay,40-44,0.5
1/1/2020,W.P. Labuan,female,bumi_malay,45-49,0.6
1/1/2020,W.P. Labuan,female,bumi_malay,50-54,0.4
1/1/2020,W.P. Labuan,female,bumi_malay,55-59,0.3
1/1/2020,W.P. Labuan,female,bumi_malay,60-64,0.2
1/1/2020,W.P. Labuan,female,bumi_malay,65-69,0.2
1/1/2020,W.P. Labuan,female,bumi_malay,70-74,0.1
1/1/2020,W.P. Labuan,female,bumi_malay,75-79,0
1/1/2020,W.P. Labuan,female,bumi_malay,80-84,0
1/1/2020,W.P. Labuan,female,bumi_malay,85+,0.1
1/1/2020,W.P. Putrajaya,male,bumi_malay,15-19,2.9
1/1/2020,W.P. Putrajaya,male,bumi_malay,20-24,1.7
1/1/2020,W.P. Putrajaya,male,bumi_malay,25-29,2.3
1/1/2020,W.P. Putrajaya,male,bumi_malay,30-34,4.4
1/1/2020,W.P. Putrajaya,male,bumi_malay,35-39,7.3
1/1/2020,W.P. Putrajaya,male,bumi_malay,40-44,4.3
1/1/2020,W.P. Putrajaya,male,bumi_malay,45-49,2.1
1/1/2020,W.P. Putrajaya,male,bumi_malay,50-54,1.4
1/1/2020,W.P. Putrajaya,male,bumi_malay,55-59,1.1
1/1/2020,W.P. Putrajaya,male,bumi_malay,60-64,0.6
1/1/2020,W.P. Putrajaya,male,bumi_malay,65-69,0.3
1/1/2020,W.P. Putrajaya,male,bumi_malay,70-74,0.1
1/1/2020,W.P. Putrajaya,male,bumi_malay,75-79,0.1
1/1/2020,W.P. Putrajaya,male,bumi_malay,80-84,0
1/1/2020,W.P. Putrajaya,male,bumi_malay,85+,0
1/1/2020,W.P. Putrajaya,female,bumi_malay,15-19,2.7
1/1/2020,W.P. Putrajaya,female,bumi_malay,20-24,2
1/1/2020,W.P. Putrajaya,female,bumi_malay,25-29,3.3
1/1/2020,W.P. Putrajaya,female,bumi_malay,30-34,6
1/1/2020,W.P. Putrajaya,female,bumi_malay,35-39,8.9
1/1/2020,W.P. Putrajaya,female,bumi_malay,40-44,4.2
1/1/2020,W.P. Putrajaya,female,bumi_malay,45-49,2
1/1/2020,W.P. Putrajaya,female,bumi_malay,50-54,1.4
1/1/2020,W.P. Putrajaya,female,bumi_malay,55-59,1
1/1/2020,W.P. Putrajaya,female,bumi_malay,60-64,0.7
1/1/2020,W.P. Putrajaya,female,bumi_malay,65-69,0.4
1/1/2020,W.P. Putrajaya,female,bumi_malay,70-74,0.2
1/1/2020,W.P. Putrajaya,female,bumi_malay,75-79,0.1
1/1/2020,W.P. Putrajaya,female,bumi_malay,80-84,0.1
1/1/2020,W.P. Putrajaya,female,bumi_malay,85+,0
1/1/2021,Johor,male,bumi_malay,15-19,100.6
1/1/2021,Johor,male,bumi_malay,20-24,102.3
1/1/2021,Johor,male,bumi_malay,25-29,90.2
1/1/2021,Johor,male,bumi_malay,30-34,90.8
1/1/2021,Johor,male,bumi_malay,35-39,86.2
1/1/2021,Johor,male,bumi_malay,40-44,69.5
1/1/2021,Johor,male,bumi_malay,45-49,58.9
1/1/2021,Johor,male,bumi_malay,50-54,53.7
1/1/2021,Johor,male,bumi_malay,55-59,50.2
1/1/2021,Johor,male,bumi_malay,60-64,41.2
1/1/2021,Johor,male,bumi_malay,65-69,26.5
1/1/2021,Johor,male,bumi_malay,70-74,17.8
1/1/2021,Johor,male,bumi_malay,75-79,9.5
1/1/2021,Johor,male,bumi_malay,80-84,5.5
1/1/2021,Johor,male,bumi_malay,85+,5.4
1/1/2021,Johor,female,bumi_malay,15-19,94.6
1/1/2021,Johor,female,bumi_malay,20-24,95.5
1/1/2021,Johor,female,bumi_malay,25-29,85.4
1/1/2021,Johor,female,bumi_malay,30-34,85.9
1/1/2021,Johor,female,bumi_malay,35-39,84.9
1/1/2021,Johor,female,bumi_malay,40-44,66.4
1/1/2021,Johor,female,bumi_malay,45-49,58.1
1/1/2021,Johor,female,bumi_malay,50-54,55.5
1/1/2021,Johor,female,bumi_malay,55-59,49.9
1/1/2021,Johor,female,bumi_malay,60-64,42.1
1/1/2021,Johor,female,bumi_malay,65-69,27.9
1/1/2021,Johor,female,bumi_malay,70-74,18.5
1/1/2021,Johor,female,bumi_malay,75-79,10.8
1/1/2021,Johor,female,bumi_malay,80-84,6.7
1/1/2021,Johor,female,bumi_malay,85+,5.1
1/1/2021,Kedah,male,bumi_malay,15-19,75.5
1/1/2021,Kedah,male,bumi_malay,20-24,86.9
1/1/2021,Kedah,male,bumi_malay,25-29,77.7
1/1/2021,Kedah,male,bumi_malay,30-34,59.4
1/1/2021,Kedah,male,bumi_malay,35-39,49.4
1/1/2021,Kedah,male,bumi_malay,40-44,44.8
1/1/2021,Kedah,male,bumi_malay,45-49,43
1/1/2021,Kedah,male,bumi_malay,50-54,40
1/1/2021,Kedah,male,bumi_malay,55-59,38.2
1/1/2021,Kedah,male,bumi_malay,60-64,32.1
1/1/2021,Kedah,male,bumi_malay,65-69,25.6
1/1/2021,Kedah,male,bumi_malay,70-74,18.1
1/1/2021,Kedah,male,bumi_malay,75-79,9.3
1/1/2021,Kedah,male,bumi_malay,80-84,6.2
1/1/2021,Kedah,male,bumi_malay,85+,4.2
1/1/2021,Kedah,female,bumi_malay,15-19,69.8
1/1/2021,Kedah,female,bumi_malay,20-24,81
1/1/2021,Kedah,female,bumi_malay,25-29,74.5
1/1/2021,Kedah,female,bumi_malay,30-34,58.3
1/1/2021,Kedah,female,bumi_malay,35-39,53.9
1/1/2021,Kedah,female,bumi_malay,40-44,45.4
1/1/2021,Kedah,female,bumi_malay,45-49,44.7
1/1/2021,Kedah,female,bumi_malay,50-54,44.2
1/1/2021,Kedah,female,bumi_malay,55-59,40.3
1/1/2021,Kedah,female,bumi_malay,60-64,35.7
1/1/2021,Kedah,female,bumi_malay,65-69,28.3
1/1/2021,Kedah,female,bumi_malay,70-74,19.8
1/1/2021,Kedah,female,bumi_malay,75-79,12.1
1/1/2021,Kedah,female,bumi_malay,80-84,8.6
1/1/2021,Kedah,female,bumi_malay,85+,4.8
1/1/2021,Kelantan,male,bumi_malay,15-19,97.8
1/1/2021,Kelantan,male,bumi_malay,20-24,81.4
1/1/2021,Kelantan,male,bumi_malay,25-29,63.2
1/1/2021,Kelantan,male,bumi_malay,30-34,54.5
1/1/2021,Kelantan,male,bumi_malay,35-39,51
1/1/2021,Kelantan,male,bumi_malay,40-44,41.3
1/1/2021,Kelantan,male,bumi_malay,45-49,37.4
1/1/2021,Kelantan,male,bumi_malay,50-54,36.3
1/1/2021,Kelantan,male,bumi_malay,55-59,36.1
1/1/2021,Kelantan,male,bumi_malay,60-64,30.9
1/1/2021,Kelantan,male,bumi_malay,65-69,21.7
1/1/2021,Kelantan,male,bumi_malay,70-74,15
1/1/2021,Kelantan,male,bumi_malay,75-79,8.3
1/1/2021,Kelantan,male,bumi_malay,80-84,3.5
1/1/2021,Kelantan,male,bumi_malay,85+,2
1/1/2021,Kelantan,female,bumi_malay,15-19,94.1
1/1/2021,Kelantan,female,bumi_malay,20-24,87.7
1/1/2021,Kelantan,female,bumi_malay,25-29,61.4
1/1/2021,Kelantan,female,bumi_malay,30-34,52.4
1/1/2021,Kelantan,female,bumi_malay,35-39,49.9
1/1/2021,Kelantan,female,bumi_malay,40-44,40.7
1/1/2021,Kelantan,female,bumi_malay,45-49,40.3
1/1/2021,Kelantan,female,bumi_malay,50-54,39.9
1/1/2021,Kelantan,female,bumi_malay,55-59,39.7
1/1/2021,Kelantan,female,bumi_malay,60-64,33.8
1/1/2021,Kelantan,female,bumi_malay,65-69,24.4
1/1/2021,Kelantan,female,bumi_malay,70-74,16.5
1/1/2021,Kelantan,female,bumi_malay,75-79,9.7
1/1/2021,Kelantan,female,bumi_malay,80-84,5.5
1/1/2021,Kelantan,female,bumi_malay,85+,3.4
1/1/2021,Melaka,male,bumi_malay,15-19,37.4
1/1/2021,Melaka,male,bumi_malay,20-24,36.7
1/1/2021,Melaka,male,bumi_malay,25-29,26.8
1/1/2021,Melaka,male,bumi_malay,30-34,24.5
1/1/2021,Melaka,male,bumi_malay,35-39,25
1/1/2021,Melaka,male,bumi_malay,40-44,28.5
1/1/2021,Melaka,male,bumi_malay,45-49,13.5
1/1/2021,Melaka,male,bumi_malay,50-54,12.2
1/1/2021,Melaka,male,bumi_malay,55-59,12.1
1/1/2021,Melaka,male,bumi_malay,60-64,10.7
1/1/2021,Melaka,male,bumi_malay,65-69,7.5
1/1/2021,Melaka,male,bumi_malay,70-74,4.5
1/1/2021,Melaka,male,bumi_malay,75-79,2.2
1/1/2021,Melaka,male,bumi_malay,80-84,1.1
1/1/2021,Melaka,male,bumi_malay,85+,0.6
1/1/2021,Melaka,female,bumi_malay,15-19,34
1/1/2021,Melaka,female,bumi_malay,20-24,32.2
1/1/2021,Melaka,female,bumi_malay,25-29,29.6
1/1/2021,Melaka,female,bumi_malay,30-34,23.8
1/1/2021,Melaka,female,bumi_malay,35-39,23.6
1/1/2021,Melaka,female,bumi_malay,40-44,24.4
1/1/2021,Melaka,female,bumi_malay,45-49,17.9
1/1/2021,Melaka,female,bumi_malay,50-54,13
1/1/2021,Melaka,female,bumi_malay,55-59,13
1/1/2021,Melaka,female,bumi_malay,60-64,11
1/1/2021,Melaka,female,bumi_malay,65-69,8.7
1/1/2021,Melaka,female,bumi_malay,70-74,5.1
1/1/2021,Melaka,female,bumi_malay,75-79,2.7
1/1/2021,Melaka,female,bumi_malay,80-84,1.6
1/1/2021,Melaka,female,bumi_malay,85+,1
1/1/2021,Negeri Sembilan,male,bumi_malay,15-19,31.8
1/1/2021,Negeri Sembilan,male,bumi_malay,20-24,30.9
1/1/2021,Negeri Sembilan,male,bumi_malay,25-29,27.8
1/1/2021,Negeri Sembilan,male,bumi_malay,30-34,30.5
1/1/2021,Negeri Sembilan,male,bumi_malay,35-39,30.1
1/1/2021,Negeri Sembilan,male,bumi_malay,40-44,22.3
1/1/2021,Negeri Sembilan,male,bumi_malay,45-49,17.9
1/1/2021,Negeri Sembilan,male,bumi_malay,50-54,14.2
1/1/2021,Negeri Sembilan,male,bumi_malay,55-59,16.3
1/1/2021,Negeri Sembilan,male,bumi_malay,60-64,13.3
1/1/2021,Negeri Sembilan,male,bumi_malay,65-69,10.2
1/1/2021,Negeri Sembilan,male,bumi_malay,70-74,6.2
1/1/2021,Negeri Sembilan,male,bumi_malay,75-79,2.5
1/1/2021,Negeri Sembilan,male,bumi_malay,80-84,1.3
1/1/2021,Negeri Sembilan,male,bumi_malay,85+,0.5
1/1/2021,Negeri Sembilan,female,bumi_malay,15-19,28.6
1/1/2021,Negeri Sembilan,female,bumi_malay,20-24,33.3
1/1/2021,Negeri Sembilan,female,bumi_malay,25-29,27.2
1/1/2021,Negeri Sembilan,female,bumi_malay,30-34,29.5
1/1/2021,Negeri Sembilan,female,bumi_malay,35-39,28.9
1/1/2021,Negeri Sembilan,female,bumi_malay,40-44,21.6
1/1/2021,Negeri Sembilan,female,bumi_malay,45-49,17.9
1/1/2021,Negeri Sembilan,female,bumi_malay,50-54,15.5
1/1/2021,Negeri Sembilan,female,bumi_malay,55-59,17.5
1/1/2021,Negeri Sembilan,female,bumi_malay,60-64,14
1/1/2021,Negeri Sembilan,female,bumi_malay,65-69,10.6
1/1/2021,Negeri Sembilan,female,bumi_malay,70-74,6.4
1/1/2021,Negeri Sembilan,female,bumi_malay,75-79,2.9
1/1/2021,Negeri Sembilan,female,bumi_malay,80-84,1.7
1/1/2021,Negeri Sembilan,female,bumi_malay,85+,0.8
1/1/2021,Pahang,male,bumi_malay,15-19,61.9
1/1/2021,Pahang,male,bumi_malay,20-24,47.7
1/1/2021,Pahang,male,bumi_malay,25-29,40
1/1/2021,Pahang,male,bumi_malay,30-34,43.4
1/1/2021,Pahang,male,bumi_malay,35-39,48
1/1/2021,Pahang,male,bumi_malay,40-44,43.6
1/1/2021,Pahang,male,bumi_malay,45-49,31.2
1/1/2021,Pahang,male,bumi_malay,50-54,25.1
1/1/2021,Pahang,male,bumi_malay,55-59,22.8
1/1/2021,Pahang,male,bumi_malay,60-64,19
1/1/2021,Pahang,male,bumi_malay,65-69,14.5
1/1/2021,Pahang,male,bumi_malay,70-74,11.7
1/1/2021,Pahang,male,bumi_malay,75-79,5.7
1/1/2021,Pahang,male,bumi_malay,80-84,3.2
1/1/2021,Pahang,male,bumi_malay,85+,3
1/1/2021,Pahang,female,bumi_malay,15-19,55.6
1/1/2021,Pahang,female,bumi_malay,20-24,45.1
1/1/2021,Pahang,female,bumi_malay,25-29,38
1/1/2021,Pahang,female,bumi_malay,30-34,42.6
1/1/2021,Pahang,female,bumi_malay,35-39,46.4
1/1/2021,Pahang,female,bumi_malay,40-44,41.9
1/1/2021,Pahang,female,bumi_malay,45-49,31.4
1/1/2021,Pahang,female,bumi_malay,50-54,25.1
1/1/2021,Pahang,female,bumi_malay,55-59,23.3
1/1/2021,Pahang,female,bumi_malay,60-64,19.6
1/1/2021,Pahang,female,bumi_malay,65-69,15.3
1/1/2021,Pahang,female,bumi_malay,70-74,11.8
1/1/2021,Pahang,female,bumi_malay,75-79,5.9
1/1/2021,Pahang,female,bumi_malay,80-84,3.8
1/1/2021,Pahang,female,bumi_malay,85+,2.7
1/1/2021,Perak,male,bumi_malay,15-19,68.9
1/1/2021,Perak,male,bumi_malay,20-24,66.6
1/1/2021,Perak,male,bumi_malay,25-29,52.8
1/1/2021,Perak,male,bumi_malay,30-34,49.7
1/1/2021,Perak,male,bumi_malay,35-39,53
1/1/2021,Perak,male,bumi_malay,40-44,45.3
1/1/2021,Perak,male,bumi_malay,45-49,32.4
1/1/2021,Perak,male,bumi_malay,50-54,30.6
1/1/2021,Perak,male,bumi_malay,55-59,31.8
1/1/2021,Perak,male,bumi_malay,60-64,27.7
1/1/2021,Perak,male,bumi_malay,65-69,20.3
1/1/2021,Perak,male,bumi_malay,70-74,13.1
1/1/2021,Perak,male,bumi_malay,75-79,6
1/1/2021,Perak,male,bumi_malay,80-84,3.2
1/1/2021,Perak,male,bumi_malay,85+,1.5
1/1/2021,Perak,female,bumi_malay,15-19,63.4
1/1/2021,Perak,female,bumi_malay,20-24,64.3
1/1/2021,Perak,female,bumi_malay,25-29,50.2
1/1/2021,Perak,female,bumi_malay,30-34,48.4
1/1/2021,Perak,female,bumi_malay,35-39,52.3
1/1/2021,Perak,female,bumi_malay,40-44,42
1/1/2021,Perak,female,bumi_malay,45-49,36.8
1/1/2021,Perak,female,bumi_malay,50-54,33.2
1/1/2021,Perak,female,bumi_malay,55-59,35.3
1/1/2021,Perak,female,bumi_malay,60-64,29.8
1/1/2021,Perak,female,bumi_malay,65-69,23.2
1/1/2021,Perak,female,bumi_malay,70-74,15.6
1/1/2021,Perak,female,bumi_malay,75-79,8.1
1/1/2021,Perak,female,bumi_malay,80-84,4.9
1/1/2021,Perak,female,bumi_malay,85+,2.9
1/1/2021,Perlis,male,bumi_malay,15-19,16.6
1/1/2021,Perlis,male,bumi_malay,20-24,13.9
1/1/2021,Perlis,male,bumi_malay,25-29,10.1
1/1/2021,Perlis,male,bumi_malay,30-34,8.4
1/1/2021,Perlis,male,bumi_malay,35-39,8.7
1/1/2021,Perlis,male,bumi_malay,40-44,10.7
1/1/2021,Perlis,male,bumi_malay,45-49,5.1
1/1/2021,Perlis,male,bumi_malay,50-54,4.9
1/1/2021,Perlis,male,bumi_malay,55-59,5
1/1/2021,Perlis,male,bumi_malay,60-64,4.5
1/1/2021,Perlis,male,bumi_malay,65-69,3.4
1/1/2021,Perlis,male,bumi_malay,70-74,2.5
1/1/2021,Perlis,male,bumi_malay,75-79,1.4
1/1/2021,Perlis,male,bumi_malay,80-84,0.8
1/1/2021,Perlis,male,bumi_malay,85+,0.4
1/1/2021,Perlis,female,bumi_malay,15-19,15.2
1/1/2021,Perlis,female,bumi_malay,20-24,14.6
1/1/2021,Perlis,female,bumi_malay,25-29,9
1/1/2021,Perlis,female,bumi_malay,30-34,7.6
1/1/2021,Perlis,female,bumi_malay,35-39,8.7
1/1/2021,Perlis,female,bumi_malay,40-44,10.2
1/1/2021,Perlis,female,bumi_malay,45-49,7.3
1/1/2021,Perlis,female,bumi_malay,50-54,5.3
1/1/2021,Perlis,female,bumi_malay,55-59,5.6
1/1/2021,Perlis,female,bumi_malay,60-64,4.8
1/1/2021,Perlis,female,bumi_malay,65-69,4.5
1/1/2021,Perlis,female,bumi_malay,70-74,2.9
1/1/2021,Perlis,female,bumi_malay,75-79,1.7
1/1/2021,Perlis,female,bumi_malay,80-84,1
1/1/2021,Perlis,female,bumi_malay,85+,0.8
1/1/2021,Pulau Pinang,male,bumi_malay,15-19,30.2
1/1/2021,Pulau Pinang,male,bumi_malay,20-24,36
1/1/2021,Pulau Pinang,male,bumi_malay,25-29,36.9
1/1/2021,Pulau Pinang,male,bumi_malay,30-34,34
1/1/2021,Pulau Pinang,male,bumi_malay,35-39,35.2
1/1/2021,Pulau Pinang,male,bumi_malay,40-44,25.8
1/1/2021,Pulau Pinang,male,bumi_malay,45-49,22.8
1/1/2021,Pulau Pinang,male,bumi_malay,50-54,19.7
1/1/2021,Pulau Pinang,male,bumi_malay,55-59,15.8
1/1/2021,Pulau Pinang,male,bumi_malay,60-64,12.7
1/1/2021,Pulau Pinang,male,bumi_malay,65-69,8.5
1/1/2021,Pulau Pinang,male,bumi_malay,70-74,4.2
1/1/2021,Pulau Pinang,male,bumi_malay,75-79,1.8
1/1/2021,Pulau Pinang,male,bumi_malay,80-84,0.7
1/1/2021,Pulau Pinang,male,bumi_malay,85+,0.3
1/1/2021,Pulau Pinang,female,bumi_malay,15-19,28.3
1/1/2021,Pulau Pinang,female,bumi_malay,20-24,31.7
1/1/2021,Pulau Pinang,female,bumi_malay,25-29,35.2
1/1/2021,Pulau Pinang,female,bumi_malay,30-34,37.3
1/1/2021,Pulau Pinang,female,bumi_malay,35-39,34.1
1/1/2021,Pulau Pinang,female,bumi_malay,40-44,24.9
1/1/2021,Pulau Pinang,female,bumi_malay,45-49,21.8
1/1/2021,Pulau Pinang,female,bumi_malay,50-54,19.2
1/1/2021,Pulau Pinang,female,bumi_malay,55-59,16.4
1/1/2021,Pulau Pinang,female,bumi_malay,60-64,13.6
1/1/2021,Pulau Pinang,female,bumi_malay,65-69,9.3
1/1/2021,Pulau Pinang,female,bumi_malay,70-74,4.6
1/1/2021,Pulau Pinang,female,bumi_malay,75-79,2.1
1/1/2021,Pulau Pinang,female,bumi_malay,80-84,0.9
1/1/2021,Pulau Pinang,female,bumi_malay,85+,0.4
1/1/2021,Sabah,male,bumi_malay,15-19,25.7
1/1/2021,Sabah,male,bumi_malay,20-24,16.3
1/1/2021,Sabah,male,bumi_malay,25-29,12.9
1/1/2021,Sabah,male,bumi_malay,30-34,16.3
1/1/2021,Sabah,male,bumi_malay,35-39,15.8
1/1/2021,Sabah,male,bumi_malay,40-44,10.9
1/1/2021,Sabah,male,bumi_malay,45-49,8.5
1/1/2021,Sabah,male,bumi_malay,50-54,7
1/1/2021,Sabah,male,bumi_malay,55-59,6.2
1/1/2021,Sabah,male,bumi_malay,60-64,4.1
1/1/2021,Sabah,male,bumi_malay,65-69,3.2
1/1/2021,Sabah,male,bumi_malay,70-74,1.4
1/1/2021,Sabah,male,bumi_malay,75-79,0.5
1/1/2021,Sabah,male,bumi_malay,80-84,0
1/1/2021,Sabah,male,bumi_malay,85+,0.1
1/1/2021,Sabah,female,bumi_malay,15-19,16.5
1/1/2021,Sabah,female,bumi_malay,20-24,10.5
1/1/2021,Sabah,female,bumi_malay,25-29,8.5
1/1/2021,Sabah,female,bumi_malay,30-34,12.2
1/1/2021,Sabah,female,bumi_malay,35-39,10.9
1/1/2021,Sabah,female,bumi_malay,40-44,7.6
1/1/2021,Sabah,female,bumi_malay,45-49,5.6
1/1/2021,Sabah,female,bumi_malay,50-54,4.2
1/1/2021,Sabah,female,bumi_malay,55-59,3.8
1/1/2021,Sabah,female,bumi_malay,60-64,2.5
1/1/2021,Sabah,female,bumi_malay,65-69,5.4
1/1/2021,Sabah,female,bumi_malay,70-74,3.3
1/1/2021,Sabah,female,bumi_malay,75-79,1.9
1/1/2021,Sabah,female,bumi_malay,80-84,0.3
1/1/2021,Sabah,female,bumi_malay,85+,0.3
1/1/2021,Sarawak,male,bumi_malay,15-19,28.3
1/1/2021,Sarawak,male,bumi_malay,20-24,29.7
1/1/2021,Sarawak,male,bumi_malay,25-29,27.4
1/1/2021,Sarawak,male,bumi_malay,30-34,25.1
1/1/2021,Sarawak,male,bumi_malay,35-39,22.1
1/1/2021,Sarawak,male,bumi_malay,40-44,18
1/1/2021,Sarawak,male,bumi_malay,45-49,16.2
1/1/2021,Sarawak,male,bumi_malay,50-54,14.7
1/1/2021,Sarawak,male,bumi_malay,55-59,13.3
1/1/2021,Sarawak,male,bumi_malay,60-64,10.1
1/1/2021,Sarawak,male,bumi_malay,65-69,7.5
1/1/2021,Sarawak,male,bumi_malay,70-74,4.5
1/1/2021,Sarawak,male,bumi_malay,75-79,2.8
1/1/2021,Sarawak,male,bumi_malay,80-84,1.2
1/1/2021,Sarawak,male,bumi_malay,85+,0.6
1/1/2021,Sarawak,female,bumi_malay,15-19,26.6
1/1/2021,Sarawak,female,bumi_malay,20-24,29
1/1/2021,Sarawak,female,bumi_malay,25-29,25.7
1/1/2021,Sarawak,female,bumi_malay,30-34,23.5
1/1/2021,Sarawak,female,bumi_malay,35-39,20.9
1/1/2021,Sarawak,female,bumi_malay,40-44,18
1/1/2021,Sarawak,female,bumi_malay,45-49,15.9
1/1/2021,Sarawak,female,bumi_malay,50-54,14.7
1/1/2021,Sarawak,female,bumi_malay,55-59,13.1
1/1/2021,Sarawak,female,bumi_malay,60-64,10.4
1/1/2021,Sarawak,female,bumi_malay,65-69,7.6
1/1/2021,Sarawak,female,bumi_malay,70-74,4.6
1/1/2021,Sarawak,female,bumi_malay,75-79,3.2
1/1/2021,Sarawak,female,bumi_malay,80-84,1.6
1/1/2021,Sarawak,female,bumi_malay,85+,1
1/1/2021,Selangor,male,bumi_malay,15-19,167.7
1/1/2021,Selangor,male,bumi_malay,20-24,159
1/1/2021,Selangor,male,bumi_malay,25-29,153.5
1/1/2021,Selangor,male,bumi_malay,30-34,196.7
1/1/2021,Selangor,male,bumi_malay,35-39,194.6
1/1/2021,Selangor,male,bumi_malay,40-44,152.6
1/1/2021,Selangor,male,bumi_malay,45-49,124.9
1/1/2021,Selangor,male,bumi_malay,50-54,98.9
1/1/2021,Selangor,male,bumi_malay,55-59,81.4
1/1/2021,Selangor,male,bumi_malay,60-64,61.9
1/1/2021,Selangor,male,bumi_malay,65-69,61.3
1/1/2021,Selangor,male,bumi_malay,70-74,42
1/1/2021,Selangor,male,bumi_malay,75-79,18.4
1/1/2021,Selangor,male,bumi_malay,80-84,8.5
1/1/2021,Selangor,male,bumi_malay,85+,7.9
1/1/2021,Selangor,female,bumi_malay,15-19,153.4
1/1/2021,Selangor,female,bumi_malay,20-24,144.1
1/1/2021,Selangor,female,bumi_malay,25-29,155.4
1/1/2021,Selangor,female,bumi_malay,30-34,212.8
1/1/2021,Selangor,female,bumi_malay,35-39,196.4
1/1/2021,Selangor,female,bumi_malay,40-44,140
1/1/2021,Selangor,female,bumi_malay,45-49,111.8
1/1/2021,Selangor,female,bumi_malay,50-54,91.6
1/1/2021,Selangor,female,bumi_malay,55-59,75.5
1/1/2021,Selangor,female,bumi_malay,60-64,57.8
1/1/2021,Selangor,female,bumi_malay,65-69,55.5
1/1/2021,Selangor,female,bumi_malay,70-74,43.8
1/1/2021,Selangor,female,bumi_malay,75-79,20.5
1/1/2021,Selangor,female,bumi_malay,80-84,9.8
1/1/2021,Selangor,female,bumi_malay,85+,7
1/1/2021,Terengganu,male,bumi_malay,15-19,55.2
1/1/2021,Terengganu,male,bumi_malay,20-24,54.1
1/1/2021,Terengganu,male,bumi_malay,25-29,43.8
1/1/2021,Terengganu,male,bumi_malay,30-34,42.2
1/1/2021,Terengganu,male,bumi_malay,35-39,41.7
1/1/2021,Terengganu,male,bumi_malay,40-44,33.6
1/1/2021,Terengganu,male,bumi_malay,45-49,27
1/1/2021,Terengganu,male,bumi_malay,50-54,24.3
1/1/2021,Terengganu,male,bumi_malay,55-59,22.8
1/1/2021,Terengganu,male,bumi_malay,60-64,18.7
1/1/2021,Terengganu,male,bumi_malay,65-69,13.5
1/1/2021,Terengganu,male,bumi_malay,70-74,8.1
1/1/2021,Terengganu,male,bumi_malay,75-79,4.8
1/1/2021,Terengganu,male,bumi_malay,80-84,2
1/1/2021,Terengganu,male,bumi_malay,85+,0.9
1/1/2021,Terengganu,female,bumi_malay,15-19,51.5
1/1/2021,Terengganu,female,bumi_malay,20-24,53.7
1/1/2021,Terengganu,female,bumi_malay,25-29,41.8
1/1/2021,Terengganu,female,bumi_malay,30-34,40.6
1/1/2021,Terengganu,female,bumi_malay,35-39,39.7
1/1/2021,Terengganu,female,bumi_malay,40-44,32.1
1/1/2021,Terengganu,female,bumi_malay,45-49,28.2
1/1/2021,Terengganu,female,bumi_malay,50-54,25.9
1/1/2021,Terengganu,female,bumi_malay,55-59,24.6
1/1/2021,Terengganu,female,bumi_malay,60-64,20.2
1/1/2021,Terengganu,female,bumi_malay,65-69,14.6
1/1/2021,Terengganu,female,bumi_malay,70-74,8.7
1/1/2021,Terengganu,female,bumi_malay,75-79,5.9
1/1/2021,Terengganu,female,bumi_malay,80-84,3.3
1/1/2021,Terengganu,female,bumi_malay,85+,1.7
1/1/2021,W.P. Kuala Lumpur,male,bumi_malay,15-19,32.8
1/1/2021,W.P. Kuala Lumpur,male,bumi_malay,20-24,25.7
1/1/2021,W.P. Kuala Lumpur,male,bumi_malay,25-29,34.6
1/1/2021,W.P. Kuala Lumpur,male,bumi_malay,30-34,44.5
1/1/2021,W.P. Kuala Lumpur,male,bumi_malay,35-39,46.5
1/1/2021,W.P. Kuala Lumpur,male,bumi_malay,40-44,35.4
1/1/2021,W.P. Kuala Lumpur,male,bumi_malay,45-49,26.4
1/1/2021,W.P. Kuala Lumpur,male,bumi_malay,50-54,17.3
1/1/2021,W.P. Kuala Lumpur,male,bumi_malay,55-59,14.2
1/1/2021,W.P. Kuala Lumpur,male,bumi_malay,60-64,11.3
1/1/2021,W.P. Kuala Lumpur,male,bumi_malay,65-69,11.8
1/1/2021,W.P. Kuala Lumpur,male,bumi_malay,70-74,9.5
1/1/2021,W.P. Kuala Lumpur,male,bumi_malay,75-79,5
1/1/2021,W.P. Kuala Lumpur,male,bumi_malay,80-84,2.9
1/1/2021,W.P. Kuala Lumpur,male,bumi_malay,85+,2.5
1/1/2021,W.P. Kuala Lumpur,female,bumi_malay,15-19,30.3
1/1/2021,W.P. Kuala Lumpur,female,bumi_malay,20-24,24.2
1/1/2021,W.P. Kuala Lumpur,female,bumi_malay,25-29,39.1
1/1/2021,W.P. Kuala Lumpur,female,bumi_malay,30-34,46.7
1/1/2021,W.P. Kuala Lumpur,female,bumi_malay,35-39,47
1/1/2021,W.P. Kuala Lumpur,female,bumi_malay,40-44,34.1
1/1/2021,W.P. Kuala Lumpur,female,bumi_malay,45-49,24.6
1/1/2021,W.P. Kuala Lumpur,female,bumi_malay,50-54,16.3
1/1/2021,W.P. Kuala Lumpur,female,bumi_malay,55-59,14.8
1/1/2021,W.P. Kuala Lumpur,female,bumi_malay,60-64,11.4
1/1/2021,W.P. Kuala Lumpur,female,bumi_malay,65-69,12.1
1/1/2021,W.P. Kuala Lumpur,female,bumi_malay,70-74,9.7
1/1/2021,W.P. Kuala Lumpur,female,bumi_malay,75-79,5.7
1/1/2021,W.P. Kuala Lumpur,female,bumi_malay,80-84,2.5
1/1/2021,W.P. Kuala Lumpur,female,bumi_malay,85+,1.7
1/1/2021,W.P. Labuan,male,bumi_malay,15-19,1.4
1/1/2021,W.P. Labuan,male,bumi_malay,20-24,1.3
1/1/2021,W.P. Labuan,male,bumi_malay,25-29,1.6
1/1/2021,W.P. Labuan,male,bumi_malay,30-34,1.6
1/1/2021,W.P. Labuan,male,bumi_malay,35-39,2.3
1/1/2021,W.P. Labuan,male,bumi_malay,40-44,1.3
1/1/2021,W.P. Labuan,male,bumi_malay,45-49,0.8
1/1/2021,W.P. Labuan,male,bumi_malay,50-54,0.6
1/1/2021,W.P. Labuan,male,bumi_malay,55-59,0.7
1/1/2021,W.P. Labuan,male,bumi_malay,60-64,0.5
1/1/2021,W.P. Labuan,male,bumi_malay,65-69,0.2
1/1/2021,W.P. Labuan,male,bumi_malay,70-74,0.2
1/1/2021,W.P. Labuan,male,bumi_malay,75-79,0.1
1/1/2021,W.P. Labuan,male,bumi_malay,80-84,0
1/1/2021,W.P. Labuan,male,bumi_malay,85+,0.1
1/1/2021,W.P. Labuan,female,bumi_malay,15-19,1.4
1/1/2021,W.P. Labuan,female,bumi_malay,20-24,1.6
1/1/2021,W.P. Labuan,female,bumi_malay,25-29,1.5
1/1/2021,W.P. Labuan,female,bumi_malay,30-34,1.5
1/1/2021,W.P. Labuan,female,bumi_malay,35-39,1.7
1/1/2021,W.P. Labuan,female,bumi_malay,40-44,0.8
1/1/2021,W.P. Labuan,female,bumi_malay,45-49,0.9
1/1/2021,W.P. Labuan,female,bumi_malay,50-54,0.6
1/1/2021,W.P. Labuan,female,bumi_malay,55-59,0.5
1/1/2021,W.P. Labuan,female,bumi_malay,60-64,0.4
1/1/2021,W.P. Labuan,female,bumi_malay,65-69,0.3
1/1/2021,W.P. Labuan,female,bumi_malay,70-74,0.1
1/1/2021,W.P. Labuan,female,bumi_malay,75-79,0.1
1/1/2021,W.P. Labuan,female,bumi_malay,80-84,0
1/1/2021,W.P. Labuan,female,bumi_malay,85+,0.1
1/1/2021,W.P. Putrajaya,male,bumi_malay,15-19,3.5
1/1/2021,W.P. Putrajaya,male,bumi_malay,20-24,1.8
1/1/2021,W.P. Putrajaya,male,bumi_malay,25-29,2.3
1/1/2021,W.P. Putrajaya,male,bumi_malay,30-34,3.8
1/1/2021,W.P. Putrajaya,male,bumi_malay,35-39,7.3
1/1/2021,W.P. Putrajaya,male,bumi_malay,40-44,5.3
1/1/2021,W.P. Putrajaya,male,bumi_malay,45-49,2.5
1/1/2021,W.P. Putrajaya,male,bumi_malay,50-54,1.5
1/1/2021,W.P. Putrajaya,male,bumi_malay,55-59,1.2
1/1/2021,W.P. Putrajaya,male,bumi_malay,60-64,0.7
1/1/2021,W.P. Putrajaya,male,bumi_malay,65-69,0.4
1/1/2021,W.P. Putrajaya,male,bumi_malay,70-74,0.2
1/1/2021,W.P. Putrajaya,male,bumi_malay,75-79,0.1
1/1/2021,W.P. Putrajaya,male,bumi_malay,80-84,0
1/1/2021,W.P. Putrajaya,male,bumi_malay,85+,0
1/1/2021,W.P. Putrajaya,female,bumi_malay,15-19,3.2
1/1/2021,W.P. Putrajaya,female,bumi_malay,20-24,1.8
1/1/2021,W.P. Putrajaya,female,bumi_malay,25-29,3.3
1/1/2021,W.P. Putrajaya,female,bumi_malay,30-34,5.2
1/1/2021,W.P. Putrajaya,female,bumi_malay,35-39,9.4
1/1/2021,W.P. Putrajaya,female,bumi_malay,40-44,5.4
1/1/2021,W.P. Putrajaya,female,bumi_malay,45-49,2.3
1/1/2021,W.P. Putrajaya,female,bumi_malay,50-54,1.5
1/1/2021,W.P. Putrajaya,female,bumi_malay,55-59,1.1
1/1/2021,W.P. Putrajaya,female,bumi_malay,60-64,0.8
1/1/2021,W.P. Putrajaya,female,bumi_malay,65-69,0.4
1/1/2021,W.P. Putrajaya,female,bumi_malay,70-74,0.3
1/1/2021,W.P. Putrajaya,female,bumi_malay,75-79,0.1
1/1/2021,W.P. Putrajaya,female,bumi_malay,80-84,0.1
1/1/2021,W.P. Putrajaya,female,bumi_malay,85+,0
1/1/2022,Johor,male,bumi_malay,15-19,99.2
1/1/2022,Johor,male,bumi_malay,20-24,103.4
1/1/2022,Johor,male,bumi_malay,25-29,92.3
1/1/2022,Johor,male,bumi_malay,30-34,90.1
1/1/2022,Johor,male,bumi_malay,35-39,87.5
1/1/2022,Johor,male,bumi_malay,40-44,73.3
1/1/2022,Johor,male,bumi_malay,45-49,59.3
1/1/2022,Johor,male,bumi_malay,50-54,54.1
1/1/2022,Johor,male,bumi_malay,55-59,50.1
1/1/2022,Johor,male,bumi_malay,60-64,42.5
1/1/2022,Johor,male,bumi_malay,65-69,28.3
1/1/2022,Johor,male,bumi_malay,70-74,18.4
1/1/2022,Johor,male,bumi_malay,75-79,10
1/1/2022,Johor,male,bumi_malay,80-84,5.6
1/1/2022,Johor,male,bumi_malay,85+,5.2
1/1/2022,Johor,female,bumi_malay,15-19,93.5
1/1/2022,Johor,female,bumi_malay,20-24,97.1
1/1/2022,Johor,female,bumi_malay,25-29,86.6
1/1/2022,Johor,female,bumi_malay,30-34,85.7
1/1/2022,Johor,female,bumi_malay,35-39,85.3
1/1/2022,Johor,female,bumi_malay,40-44,70.8
1/1/2022,Johor,female,bumi_malay,45-49,57.8
1/1/2022,Johor,female,bumi_malay,50-54,55.9
1/1/2022,Johor,female,bumi_malay,55-59,50.7
1/1/2022,Johor,female,bumi_malay,60-64,43.1
1/1/2022,Johor,female,bumi_malay,65-69,30.3
1/1/2022,Johor,female,bumi_malay,70-74,19.3
1/1/2022,Johor,female,bumi_malay,75-79,11.4
1/1/2022,Johor,female,bumi_malay,80-84,6.7
1/1/2022,Johor,female,bumi_malay,85+,4.8
1/1/2022,Kedah,male,bumi_malay,15-19,72.1
1/1/2022,Kedah,male,bumi_malay,20-24,85.8
1/1/2022,Kedah,male,bumi_malay,25-29,81.1
1/1/2022,Kedah,male,bumi_malay,30-34,62.5
1/1/2022,Kedah,male,bumi_malay,35-39,50.6
1/1/2022,Kedah,male,bumi_malay,40-44,45
1/1/2022,Kedah,male,bumi_malay,45-49,43
1/1/2022,Kedah,male,bumi_malay,50-54,39.8
1/1/2022,Kedah,male,bumi_malay,55-59,38
1/1/2022,Kedah,male,bumi_malay,60-64,32.6
1/1/2022,Kedah,male,bumi_malay,65-69,25.9
1/1/2022,Kedah,male,bumi_malay,70-74,18.7
1/1/2022,Kedah,male,bumi_malay,75-79,10.1
1/1/2022,Kedah,male,bumi_malay,80-84,6
1/1/2022,Kedah,male,bumi_malay,85+,4.3
1/1/2022,Kedah,female,bumi_malay,15-19,67.3
1/1/2022,Kedah,female,bumi_malay,20-24,79.3
1/1/2022,Kedah,female,bumi_malay,25-29,77.8
1/1/2022,Kedah,female,bumi_malay,30-34,60.6
1/1/2022,Kedah,female,bumi_malay,35-39,54.5
1/1/2022,Kedah,female,bumi_malay,40-44,46.9
1/1/2022,Kedah,female,bumi_malay,45-49,43.9
1/1/2022,Kedah,female,bumi_malay,50-54,44.3
1/1/2022,Kedah,female,bumi_malay,55-59,40.5
1/1/2022,Kedah,female,bumi_malay,60-64,36
1/1/2022,Kedah,female,bumi_malay,65-69,29.1
1/1/2022,Kedah,female,bumi_malay,70-74,20.7
1/1/2022,Kedah,female,bumi_malay,75-79,12.7
1/1/2022,Kedah,female,bumi_malay,80-84,8.6
1/1/2022,Kedah,female,bumi_malay,85+,4.7
1/1/2022,Kelantan,male,bumi_malay,15-19,95.8
1/1/2022,Kelantan,male,bumi_malay,20-24,85.7
1/1/2022,Kelantan,male,bumi_malay,25-29,65.6
1/1/2022,Kelantan,male,bumi_malay,30-34,55.6
1/1/2022,Kelantan,male,bumi_malay,35-39,51.8
1/1/2022,Kelantan,male,bumi_malay,40-44,42.8
1/1/2022,Kelantan,male,bumi_malay,45-49,37.4
1/1/2022,Kelantan,male,bumi_malay,50-54,36.4
1/1/2022,Kelantan,male,bumi_malay,55-59,35
1/1/2022,Kelantan,male,bumi_malay,60-64,32
1/1/2022,Kelantan,male,bumi_malay,65-69,22.4
1/1/2022,Kelantan,male,bumi_malay,70-74,15.1
1/1/2022,Kelantan,male,bumi_malay,75-79,8.6
1/1/2022,Kelantan,male,bumi_malay,80-84,3.4
1/1/2022,Kelantan,male,bumi_malay,85+,1.9
1/1/2022,Kelantan,female,bumi_malay,15-19,91
1/1/2022,Kelantan,female,bumi_malay,20-24,91.4
1/1/2022,Kelantan,female,bumi_malay,25-29,65.2
1/1/2022,Kelantan,female,bumi_malay,30-34,53.6
1/1/2022,Kelantan,female,bumi_malay,35-39,50.5
1/1/2022,Kelantan,female,bumi_malay,40-44,41.9
1/1/2022,Kelantan,female,bumi_malay,45-49,39.5
1/1/2022,Kelantan,female,bumi_malay,50-54,40.3
1/1/2022,Kelantan,female,bumi_malay,55-59,39.1
1/1/2022,Kelantan,female,bumi_malay,60-64,35.3
1/1/2022,Kelantan,female,bumi_malay,65-69,25.4
1/1/2022,Kelantan,female,bumi_malay,70-74,17.1
1/1/2022,Kelantan,female,bumi_malay,75-79,10
1/1/2022,Kelantan,female,bumi_malay,80-84,5.4
1/1/2022,Kelantan,female,bumi_malay,85+,3.2
1/1/2022,Melaka,male,bumi_malay,15-19,36.7
1/1/2022,Melaka,male,bumi_malay,20-24,35.8
1/1/2022,Melaka,male,bumi_malay,25-29,27.3
1/1/2022,Melaka,male,bumi_malay,30-34,25.5
1/1/2022,Melaka,male,bumi_malay,35-39,25
1/1/2022,Melaka,male,bumi_malay,40-44,29.2
1/1/2022,Melaka,male,bumi_malay,45-49,14.3
1/1/2022,Melaka,male,bumi_malay,50-54,12.4
1/1/2022,Melaka,male,bumi_malay,55-59,11.5
1/1/2022,Melaka,male,bumi_malay,60-64,11
1/1/2022,Melaka,male,bumi_malay,65-69,7.8
1/1/2022,Melaka,male,bumi_malay,70-74,4.8
1/1/2022,Melaka,male,bumi_malay,75-79,2.3
1/1/2022,Melaka,male,bumi_malay,80-84,1.1
1/1/2022,Melaka,male,bumi_malay,85+,0.6
1/1/2022,Melaka,female,bumi_malay,15-19,33.3
1/1/2022,Melaka,female,bumi_malay,20-24,31.5
1/1/2022,Melaka,female,bumi_malay,25-29,29.5
1/1/2022,Melaka,female,bumi_malay,30-34,25.2
1/1/2022,Melaka,female,bumi_malay,35-39,23.5
1/1/2022,Melaka,female,bumi_malay,40-44,21.8
1/1/2022,Melaka,female,bumi_malay,45-49,22.1
1/1/2022,Melaka,female,bumi_malay,50-54,13.1
1/1/2022,Melaka,female,bumi_malay,55-59,12.7
1/1/2022,Melaka,female,bumi_malay,60-64,11.6
1/1/2022,Melaka,female,bumi_malay,65-69,8.9
1/1/2022,Melaka,female,bumi_malay,70-74,5.6
1/1/2022,Melaka,female,bumi_malay,75-79,2.8
1/1/2022,Melaka,female,bumi_malay,80-84,1.5
1/1/2022,Melaka,female,bumi_malay,85+,0.9
1/1/2022,Negeri Sembilan,male,bumi_malay,15-19,31.6
1/1/2022,Negeri Sembilan,male,bumi_malay,20-24,31.5
1/1/2022,Negeri Sembilan,male,bumi_malay,25-29,27.1
1/1/2022,Negeri Sembilan,male,bumi_malay,30-34,30.9
1/1/2022,Negeri Sembilan,male,bumi_malay,35-39,30.4
1/1/2022,Negeri Sembilan,male,bumi_malay,40-44,24.1
1/1/2022,Negeri Sembilan,male,bumi_malay,45-49,17.7
1/1/2022,Negeri Sembilan,male,bumi_malay,50-54,14.8
1/1/2022,Negeri Sembilan,male,bumi_malay,55-59,15
1/1/2022,Negeri Sembilan,male,bumi_malay,60-64,14.3
1/1/2022,Negeri Sembilan,male,bumi_malay,65-69,10.2
1/1/2022,Negeri Sembilan,male,bumi_malay,70-74,6.7
1/1/2022,Negeri Sembilan,male,bumi_malay,75-79,2.7
1/1/2022,Negeri Sembilan,male,bumi_malay,80-84,1.4
1/1/2022,Negeri Sembilan,male,bumi_malay,85+,0.4
1/1/2022,Negeri Sembilan,female,bumi_malay,15-19,27.8
1/1/2022,Negeri Sembilan,female,bumi_malay,20-24,33.7
1/1/2022,Negeri Sembilan,female,bumi_malay,25-29,26.8
1/1/2022,Negeri Sembilan,female,bumi_malay,30-34,29.9
1/1/2022,Negeri Sembilan,female,bumi_malay,35-39,29.5
1/1/2022,Negeri Sembilan,female,bumi_malay,40-44,22.5
1/1/2022,Negeri Sembilan,female,bumi_malay,45-49,18.4
1/1/2022,Negeri Sembilan,female,bumi_malay,50-54,15.5
1/1/2022,Negeri Sembilan,female,bumi_malay,55-59,16.8
1/1/2022,Negeri Sembilan,female,bumi_malay,60-64,15.2
1/1/2022,Negeri Sembilan,female,bumi_malay,65-69,10.9
1/1/2022,Negeri Sembilan,female,bumi_malay,70-74,6.9
1/1/2022,Negeri Sembilan,female,bumi_malay,75-79,3
1/1/2022,Negeri Sembilan,female,bumi_malay,80-84,1.7
1/1/2022,Negeri Sembilan,female,bumi_malay,85+,0.6
1/1/2022,Pahang,male,bumi_malay,15-19,62.8
1/1/2022,Pahang,male,bumi_malay,20-24,49.3
1/1/2022,Pahang,male,bumi_malay,25-29,40.3
1/1/2022,Pahang,male,bumi_malay,30-34,43.2
1/1/2022,Pahang,male,bumi_malay,35-39,46.6
1/1/2022,Pahang,male,bumi_malay,40-44,46.3
1/1/2022,Pahang,male,bumi_malay,45-49,31.6
1/1/2022,Pahang,male,bumi_malay,50-54,26.1
1/1/2022,Pahang,male,bumi_malay,55-59,22.4
1/1/2022,Pahang,male,bumi_malay,60-64,19.8
1/1/2022,Pahang,male,bumi_malay,65-69,14.4
1/1/2022,Pahang,male,bumi_malay,70-74,11.8
1/1/2022,Pahang,male,bumi_malay,75-79,6.2
1/1/2022,Pahang,male,bumi_malay,80-84,3.3
1/1/2022,Pahang,male,bumi_malay,85+,3.1
1/1/2022,Pahang,female,bumi_malay,15-19,56.1
1/1/2022,Pahang,female,bumi_malay,20-24,47
1/1/2022,Pahang,female,bumi_malay,25-29,37.5
1/1/2022,Pahang,female,bumi_malay,30-34,42
1/1/2022,Pahang,female,bumi_malay,35-39,46
1/1/2022,Pahang,female,bumi_malay,40-44,43.1
1/1/2022,Pahang,female,bumi_malay,45-49,33.1
1/1/2022,Pahang,female,bumi_malay,50-54,26.1
1/1/2022,Pahang,female,bumi_malay,55-59,22.8
1/1/2022,Pahang,female,bumi_malay,60-64,20.7
1/1/2022,Pahang,female,bumi_malay,65-69,15.5
1/1/2022,Pahang,female,bumi_malay,70-74,12.1
1/1/2022,Pahang,female,bumi_malay,75-79,6.7
1/1/2022,Pahang,female,bumi_malay,80-84,3.8
1/1/2022,Pahang,female,bumi_malay,85+,2.8
1/1/2022,Perak,male,bumi_malay,15-19,68.6
1/1/2022,Perak,male,bumi_malay,20-24,66.9
1/1/2022,Perak,male,bumi_malay,25-29,54.7
1/1/2022,Perak,male,bumi_malay,30-34,49.8
1/1/2022,Perak,male,bumi_malay,35-39,53.1
1/1/2022,Perak,male,bumi_malay,40-44,47.8
1/1/2022,Perak,male,bumi_malay,45-49,32.9
1/1/2022,Perak,male,bumi_malay,50-54,30.8
1/1/2022,Perak,male,bumi_malay,55-59,30
1/1/2022,Perak,male,bumi_malay,60-64,29
1/1/2022,Perak,male,bumi_malay,65-69,20.7
1/1/2022,Perak,male,bumi_malay,70-74,13.6
1/1/2022,Perak,male,bumi_malay,75-79,6.5
1/1/2022,Perak,male,bumi_malay,80-84,3.2
1/1/2022,Perak,male,bumi_malay,85+,1.3
1/1/2022,Perak,female,bumi_malay,15-19,62.8
1/1/2022,Perak,female,bumi_malay,20-24,64.7
1/1/2022,Perak,female,bumi_malay,25-29,52.1
1/1/2022,Perak,female,bumi_malay,30-34,47.9
1/1/2022,Perak,female,bumi_malay,35-39,52.5
1/1/2022,Perak,female,bumi_malay,40-44,43.8
1/1/2022,Perak,female,bumi_malay,45-49,37.8
1/1/2022,Perak,female,bumi_malay,50-54,33.2
1/1/2022,Perak,female,bumi_malay,55-59,34.1
1/1/2022,Perak,female,bumi_malay,60-64,31.2
1/1/2022,Perak,female,bumi_malay,65-69,23.8
1/1/2022,Perak,female,bumi_malay,70-74,16.2
1/1/2022,Perak,female,bumi_malay,75-79,8.8
1/1/2022,Perak,female,bumi_malay,80-84,4.9
1/1/2022,Perak,female,bumi_malay,85+,2.6
1/1/2022,Perlis,male,bumi_malay,15-19,15.1
1/1/2022,Perlis,male,bumi_malay,20-24,14.7
1/1/2022,Perlis,male,bumi_malay,25-29,10.7
1/1/2022,Perlis,male,bumi_malay,30-34,8.6
1/1/2022,Perlis,male,bumi_malay,35-39,8.6
1/1/2022,Perlis,male,bumi_malay,40-44,11.1
1/1/2022,Perlis,male,bumi_malay,45-49,5.4
1/1/2022,Perlis,male,bumi_malay,50-54,4.8
1/1/2022,Perlis,male,bumi_malay,55-59,4.8
1/1/2022,Perlis,male,bumi_malay,60-64,4.6
1/1/2022,Perlis,male,bumi_malay,65-69,3.4
1/1/2022,Perlis,male,bumi_malay,70-74,2.6
1/1/2022,Perlis,male,bumi_malay,75-79,1.4
1/1/2022,Perlis,male,bumi_malay,80-84,0.8
1/1/2022,Perlis,male,bumi_malay,85+,0.4
1/1/2022,Perlis,female,bumi_malay,15-19,13.6
1/1/2022,Perlis,female,bumi_malay,20-24,15.3
1/1/2022,Perlis,female,bumi_malay,25-29,10
1/1/2022,Perlis,female,bumi_malay,30-34,7.7
1/1/2022,Perlis,female,bumi_malay,35-39,8.7
1/1/2022,Perlis,female,bumi_malay,40-44,9
1/1/2022,Perlis,female,bumi_malay,45-49,8.9
1/1/2022,Perlis,female,bumi_malay,50-54,5.3
1/1/2022,Perlis,female,bumi_malay,55-59,5.4
1/1/2022,Perlis,female,bumi_malay,60-64,5
1/1/2022,Perlis,female,bumi_malay,65-69,4.3
1/1/2022,Perlis,female,bumi_malay,70-74,3.1
1/1/2022,Perlis,female,bumi_malay,75-79,1.7
1/1/2022,Perlis,female,bumi_malay,80-84,1.1
1/1/2022,Perlis,female,bumi_malay,85+,0.7
1/1/2022,Pulau Pinang,male,bumi_malay,15-19,28.9
1/1/2022,Pulau Pinang,male,bumi_malay,20-24,34.5
1/1/2022,Pulau Pinang,male,bumi_malay,25-29,38
1/1/2022,Pulau Pinang,male,bumi_malay,30-34,33.6
1/1/2022,Pulau Pinang,male,bumi_malay,35-39,35.8
1/1/2022,Pulau Pinang,male,bumi_malay,40-44,27.5
1/1/2022,Pulau Pinang,male,bumi_malay,45-49,22.8
1/1/2022,Pulau Pinang,male,bumi_malay,50-54,20.3
1/1/2022,Pulau Pinang,male,bumi_malay,55-59,16.2
1/1/2022,Pulau Pinang,male,bumi_malay,60-64,13
1/1/2022,Pulau Pinang,male,bumi_malay,65-69,9.1
1/1/2022,Pulau Pinang,male,bumi_malay,70-74,4.7
1/1/2022,Pulau Pinang,male,bumi_malay,75-79,1.7
1/1/2022,Pulau Pinang,male,bumi_malay,80-84,0.8
1/1/2022,Pulau Pinang,male,bumi_malay,85+,0.2
1/1/2022,Pulau Pinang,female,bumi_malay,15-19,26.9
1/1/2022,Pulau Pinang,female,bumi_malay,20-24,31.1
1/1/2022,Pulau Pinang,female,bumi_malay,25-29,34.4
1/1/2022,Pulau Pinang,female,bumi_malay,30-34,37.2
1/1/2022,Pulau Pinang,female,bumi_malay,35-39,35.2
1/1/2022,Pulau Pinang,female,bumi_malay,40-44,26.6
1/1/2022,Pulau Pinang,female,bumi_malay,45-49,21.9
1/1/2022,Pulau Pinang,female,bumi_malay,50-54,19.6
1/1/2022,Pulau Pinang,female,bumi_malay,55-59,16.8
1/1/2022,Pulau Pinang,female,bumi_malay,60-64,13.7
1/1/2022,Pulau Pinang,female,bumi_malay,65-69,10.1
1/1/2022,Pulau Pinang,female,bumi_malay,70-74,5.1
1/1/2022,Pulau Pinang,female,bumi_malay,75-79,2.1
1/1/2022,Pulau Pinang,female,bumi_malay,80-84,0.9
1/1/2022,Pulau Pinang,female,bumi_malay,85+,0.2
1/1/2022,Sabah,male,bumi_malay,15-19,22
1/1/2022,Sabah,male,bumi_malay,20-24,19.7
1/1/2022,Sabah,male,bumi_malay,25-29,12.5
1/1/2022,Sabah,male,bumi_malay,30-34,15.6
1/1/2022,Sabah,male,bumi_malay,35-39,16.3
1/1/2022,Sabah,male,bumi_malay,40-44,11.9
1/1/2022,Sabah,male,bumi_malay,45-49,8.6
1/1/2022,Sabah,male,bumi_malay,50-54,7.2
1/1/2022,Sabah,male,bumi_malay,55-59,6.3
1/1/2022,Sabah,male,bumi_malay,60-64,4.4
1/1/2022,Sabah,male,bumi_malay,65-69,3.3
1/1/2022,Sabah,male,bumi_malay,70-74,1.8
1/1/2022,Sabah,male,bumi_malay,75-79,0.8
1/1/2022,Sabah,male,bumi_malay,80-84,0.2
1/1/2022,Sabah,male,bumi_malay,85+,0.1
1/1/2022,Sabah,female,bumi_malay,15-19,15.2
1/1/2022,Sabah,female,bumi_malay,20-24,12.5
1/1/2022,Sabah,female,bumi_malay,25-29,8.3
1/1/2022,Sabah,female,bumi_malay,30-34,11.5
1/1/2022,Sabah,female,bumi_malay,35-39,11.5
1/1/2022,Sabah,female,bumi_malay,40-44,8.2
1/1/2022,Sabah,female,bumi_malay,45-49,5.9
1/1/2022,Sabah,female,bumi_malay,50-54,4.3
1/1/2022,Sabah,female,bumi_malay,55-59,3.8
1/1/2022,Sabah,female,bumi_malay,60-64,2.7
1/1/2022,Sabah,female,bumi_malay,65-69,4.6
1/1/2022,Sabah,female,bumi_malay,70-74,3.6
1/1/2022,Sabah,female,bumi_malay,75-79,2.2
1/1/2022,Sabah,female,bumi_malay,80-84,0.4
1/1/2022,Sabah,female,bumi_malay,85+,0.2
1/1/2022,Sarawak,male,bumi_malay,15-19,28.3
1/1/2022,Sarawak,male,bumi_malay,20-24,29.5
1/1/2022,Sarawak,male,bumi_malay,25-29,27.6
1/1/2022,Sarawak,male,bumi_malay,30-34,25.8
1/1/2022,Sarawak,male,bumi_malay,35-39,22.8
1/1/2022,Sarawak,male,bumi_malay,40-44,18.8
1/1/2022,Sarawak,male,bumi_malay,45-49,16.1
1/1/2022,Sarawak,male,bumi_malay,50-54,15.1
1/1/2022,Sarawak,male,bumi_malay,55-59,13.1
1/1/2022,Sarawak,male,bumi_malay,60-64,11
1/1/2022,Sarawak,male,bumi_malay,65-69,7.6
1/1/2022,Sarawak,male,bumi_malay,70-74,4.9
1/1/2022,Sarawak,male,bumi_malay,75-79,2.7
1/1/2022,Sarawak,male,bumi_malay,80-84,1.3
1/1/2022,Sarawak,male,bumi_malay,85+,0.5
1/1/2022,Sarawak,female,bumi_malay,15-19,26.2
1/1/2022,Sarawak,female,bumi_malay,20-24,28.9
1/1/2022,Sarawak,female,bumi_malay,25-29,25.9
1/1/2022,Sarawak,female,bumi_malay,30-34,24.4
1/1/2022,Sarawak,female,bumi_malay,35-39,21.4
1/1/2022,Sarawak,female,bumi_malay,40-44,18.5
1/1/2022,Sarawak,female,bumi_malay,45-49,16.1
1/1/2022,Sarawak,female,bumi_malay,50-54,15.3
1/1/2022,Sarawak,female,bumi_malay,55-59,13.1
1/1/2022,Sarawak,female,bumi_malay,60-64,11
1/1/2022,Sarawak,female,bumi_malay,65-69,7.8
1/1/2022,Sarawak,female,bumi_malay,70-74,5.1
1/1/2022,Sarawak,female,bumi_malay,75-79,3.1
1/1/2022,Sarawak,female,bumi_malay,80-84,1.8
1/1/2022,Sarawak,female,bumi_malay,85+,0.9
1/1/2022,Selangor,male,bumi_malay,15-19,159.3
1/1/2022,Selangor,male,bumi_malay,20-24,163.2
1/1/2022,Selangor,male,bumi_malay,25-29,150.4
1/1/2022,Selangor,male,bumi_malay,30-34,188.2
1/1/2022,Selangor,male,bumi_malay,35-39,199.4
1/1/2022,Selangor,male,bumi_malay,40-44,160.8
1/1/2022,Selangor,male,bumi_malay,45-49,128.9
1/1/2022,Selangor,male,bumi_malay,50-54,102.6
1/1/2022,Selangor,male,bumi_malay,55-59,83.4
1/1/2022,Selangor,male,bumi_malay,60-64,64.9
1/1/2022,Selangor,male,bumi_malay,65-69,59.1
1/1/2022,Selangor,male,bumi_malay,70-74,46.2
1/1/2022,Selangor,male,bumi_malay,75-79,21.2
1/1/2022,Selangor,male,bumi_malay,80-84,9.2
1/1/2022,Selangor,male,bumi_malay,85+,8.4
1/1/2022,Selangor,female,bumi_malay,15-19,147.7
1/1/2022,Selangor,female,bumi_malay,20-24,147.7
1/1/2022,Selangor,female,bumi_malay,25-29,147.6
1/1/2022,Selangor,female,bumi_malay,30-34,203.8
1/1/2022,Selangor,female,bumi_malay,35-39,205.2
1/1/2022,Selangor,female,bumi_malay,40-44,150.4
1/1/2022,Selangor,female,bumi_malay,45-49,114.8
1/1/2022,Selangor,female,bumi_malay,50-54,95.1
1/1/2022,Selangor,female,bumi_malay,55-59,77.9
1/1/2022,Selangor,female,bumi_malay,60-64,60.6
1/1/2022,Selangor,female,bumi_malay,65-69,54.2
1/1/2022,Selangor,female,bumi_malay,70-74,45.9
1/1/2022,Selangor,female,bumi_malay,75-79,24.5
1/1/2022,Selangor,female,bumi_malay,80-84,10.2
1/1/2022,Selangor,female,bumi_malay,85+,7.4
1/1/2022,Terengganu,male,bumi_malay,15-19,55.6
1/1/2022,Terengganu,male,bumi_malay,20-24,55.7
1/1/2022,Terengganu,male,bumi_malay,25-29,44.4
1/1/2022,Terengganu,male,bumi_malay,30-34,42.9
1/1/2022,Terengganu,male,bumi_malay,35-39,41.5
1/1/2022,Terengganu,male,bumi_malay,40-44,35.6
1/1/2022,Terengganu,male,bumi_malay,45-49,27.2
1/1/2022,Terengganu,male,bumi_malay,50-54,24.9
1/1/2022,Terengganu,male,bumi_malay,55-59,22.3
1/1/2022,Terengganu,male,bumi_malay,60-64,19.5
1/1/2022,Terengganu,male,bumi_malay,65-69,13.8
1/1/2022,Terengganu,male,bumi_malay,70-74,8.3
1/1/2022,Terengganu,male,bumi_malay,75-79,5
1/1/2022,Terengganu,male,bumi_malay,80-84,1.9
1/1/2022,Terengganu,male,bumi_malay,85+,0.9
1/1/2022,Terengganu,female,bumi_malay,15-19,51.6
1/1/2022,Terengganu,female,bumi_malay,20-24,54.7
1/1/2022,Terengganu,female,bumi_malay,25-29,42.6
1/1/2022,Terengganu,female,bumi_malay,30-34,41
1/1/2022,Terengganu,female,bumi_malay,35-39,40.1
1/1/2022,Terengganu,female,bumi_malay,40-44,33.4
1/1/2022,Terengganu,female,bumi_malay,45-49,28.4
1/1/2022,Terengganu,female,bumi_malay,50-54,26.5
1/1/2022,Terengganu,female,bumi_malay,55-59,24.5
1/1/2022,Terengganu,female,bumi_malay,60-64,20.9
1/1/2022,Terengganu,female,bumi_malay,65-69,15.1
1/1/2022,Terengganu,female,bumi_malay,70-74,9.2
1/1/2022,Terengganu,female,bumi_malay,75-79,6
1/1/2022,Terengganu,female,bumi_malay,80-84,3
1/1/2022,Terengganu,female,bumi_malay,85+,1.8
1/1/2022,W.P. Kuala Lumpur,male,bumi_malay,15-19,33.8
1/1/2022,W.P. Kuala Lumpur,male,bumi_malay,20-24,25.4
1/1/2022,W.P. Kuala Lumpur,male,bumi_malay,25-29,31
1/1/2022,W.P. Kuala Lumpur,male,bumi_malay,30-34,45.2
1/1/2022,W.P. Kuala Lumpur,male,bumi_malay,35-39,45.3
1/1/2022,W.P. Kuala Lumpur,male,bumi_malay,40-44,38.4
1/1/2022,W.P. Kuala Lumpur,male,bumi_malay,45-49,27.3
1/1/2022,W.P. Kuala Lumpur,male,bumi_malay,50-54,19.2
1/1/2022,W.P. Kuala Lumpur,male,bumi_malay,55-59,13.7
1/1/2022,W.P. Kuala Lumpur,male,bumi_malay,60-64,12.2
1/1/2022,W.P. Kuala Lumpur,male,bumi_malay,65-69,10.9
1/1/2022,W.P. Kuala Lumpur,male,bumi_malay,70-74,10
1/1/2022,W.P. Kuala Lumpur,male,bumi_malay,75-79,5.7
1/1/2022,W.P. Kuala Lumpur,male,bumi_malay,80-84,3
1/1/2022,W.P. Kuala Lumpur,male,bumi_malay,85+,2.8
1/1/2022,W.P. Kuala Lumpur,female,bumi_malay,15-19,31.6
1/1/2022,W.P. Kuala Lumpur,female,bumi_malay,20-24,23.4
1/1/2022,W.P. Kuala Lumpur,female,bumi_malay,25-29,34.7
1/1/2022,W.P. Kuala Lumpur,female,bumi_malay,30-34,47.8
1/1/2022,W.P. Kuala Lumpur,female,bumi_malay,35-39,46.2
1/1/2022,W.P. Kuala Lumpur,female,bumi_malay,40-44,37.5
1/1/2022,W.P. Kuala Lumpur,female,bumi_malay,45-49,26.2
1/1/2022,W.P. Kuala Lumpur,female,bumi_malay,50-54,17.7
1/1/2022,W.P. Kuala Lumpur,female,bumi_malay,55-59,14.1
1/1/2022,W.P. Kuala Lumpur,female,bumi_malay,60-64,12.7
1/1/2022,W.P. Kuala Lumpur,female,bumi_malay,65-69,11.1
1/1/2022,W.P. Kuala Lumpur,female,bumi_malay,70-74,10.2
1/1/2022,W.P. Kuala Lumpur,female,bumi_malay,75-79,6.3
1/1/2022,W.P. Kuala Lumpur,female,bumi_malay,80-84,2.9
1/1/2022,W.P. Kuala Lumpur,female,bumi_malay,85+,1.8
1/1/2022,W.P. Labuan,male,bumi_malay,15-19,1.4
1/1/2022,W.P. Labuan,male,bumi_malay,20-24,1.2
1/1/2022,W.P. Labuan,male,bumi_malay,25-29,1.5
1/1/2022,W.P. Labuan,male,bumi_malay,30-34,1.6
1/1/2022,W.P. Labuan,male,bumi_malay,35-39,2.2
1/1/2022,W.P. Labuan,male,bumi_malay,40-44,1.5
1/1/2022,W.P. Labuan,male,bumi_malay,45-49,0.8
1/1/2022,W.P. Labuan,male,bumi_malay,50-54,0.6
1/1/2022,W.P. Labuan,male,bumi_malay,55-59,0.6
1/1/2022,W.P. Labuan,male,bumi_malay,60-64,0.5
1/1/2022,W.P. Labuan,male,bumi_malay,65-69,0.3
1/1/2022,W.P. Labuan,male,bumi_malay,70-74,0.2
1/1/2022,W.P. Labuan,male,bumi_malay,75-79,0.1
1/1/2022,W.P. Labuan,male,bumi_malay,80-84,0
1/1/2022,W.P. Labuan,male,bumi_malay,85+,0.1
1/1/2022,W.P. Labuan,female,bumi_malay,15-19,1.4
1/1/2022,W.P. Labuan,female,bumi_malay,20-24,1.5
1/1/2022,W.P. Labuan,female,bumi_malay,25-29,1.4
1/1/2022,W.P. Labuan,female,bumi_malay,30-34,1.5
1/1/2022,W.P. Labuan,female,bumi_malay,35-39,1.6
1/1/2022,W.P. Labuan,female,bumi_malay,40-44,1
1/1/2022,W.P. Labuan,female,bumi_malay,45-49,0.9
1/1/2022,W.P. Labuan,female,bumi_malay,50-54,0.6
1/1/2022,W.P. Labuan,female,bumi_malay,55-59,0.5
1/1/2022,W.P. Labuan,female,bumi_malay,60-64,0.4
1/1/2022,W.P. Labuan,female,bumi_malay,65-69,0.3
1/1/2022,W.P. Labuan,female,bumi_malay,70-74,0.2
1/1/2022,W.P. Labuan,female,bumi_malay,75-79,0
1/1/2022,W.P. Labuan,female,bumi_malay,80-84,0
1/1/2022,W.P. Labuan,female,bumi_malay,85+,0.1
1/1/2022,W.P. Putrajaya,male,bumi_malay,15-19,3.8
1/1/2022,W.P. Putrajaya,male,bumi_malay,20-24,2
1/1/2022,W.P. Putrajaya,male,bumi_malay,25-29,2.1
1/1/2022,W.P. Putrajaya,male,bumi_malay,30-34,3.3
1/1/2022,W.P. Putrajaya,male,bumi_malay,35-39,6.9
1/1/2022,W.P. Putrajaya,male,bumi_malay,40-44,6
1/1/2022,W.P. Putrajaya,male,bumi_malay,45-49,2.8
1/1/2022,W.P. Putrajaya,male,bumi_malay,50-54,1.6
1/1/2022,W.P. Putrajaya,male,bumi_malay,55-59,1.3
1/1/2022,W.P. Putrajaya,male,bumi_malay,60-64,0.8
1/1/2022,W.P. Putrajaya,male,bumi_malay,65-69,0.4
1/1/2022,W.P. Putrajaya,male,bumi_malay,70-74,0.2
1/1/2022,W.P. Putrajaya,male,bumi_malay,75-79,0.1
1/1/2022,W.P. Putrajaya,male,bumi_malay,80-84,0
1/1/2022,W.P. Putrajaya,male,bumi_malay,85+,0
1/1/2022,W.P. Putrajaya,female,bumi_malay,15-19,3.6
1/1/2022,W.P. Putrajaya,female,bumi_malay,20-24,1.9
1/1/2022,W.P. Putrajaya,female,bumi_malay,25-29,2.9
1/1/2022,W.P. Putrajaya,female,bumi_malay,30-34,4.5
1/1/2022,W.P. Putrajaya,female,bumi_malay,35-39,9
1/1/2022,W.P. Putrajaya,female,bumi_malay,40-44,6.5
1/1/2022,W.P. Putrajaya,female,bumi_malay,45-49,2.6
1/1/2022,W.P. Putrajaya,female,bumi_malay,50-54,1.6
1/1/2022,W.P. Putrajaya,female,bumi_malay,55-59,1.2
1/1/2022,W.P. Putrajaya,female,bumi_malay,60-64,0.8
1/1/2022,W.P. Putrajaya,female,bumi_malay,65-69,0.5
1/1/2022,W.P. Putrajaya,female,bumi_malay,70-74,0.3
1/1/2022,W.P. Putrajaya,female,bumi_malay,75-79,0.1
1/1/2022,W.P. Putrajaya,female,bumi_malay,80-84,0.1
1/1/2022,W.P. Putrajaya,female,bumi_malay,85+,0
1/1/2023,Johor,male,bumi_malay,15-19,100.3
1/1/2023,Johor,male,bumi_malay,20-24,103.6
1/1/2023,Johor,male,bumi_malay,25-29,95.1
1/1/2023,Johor,male,bumi_malay,30-34,89.1
1/1/2023,Johor,male,bumi_malay,35-39,88.4
1/1/2023,Johor,male,bumi_malay,40-44,77.4
1/1/2023,Johor,male,bumi_malay,45-49,60.1
1/1/2023,Johor,male,bumi_malay,50-54,54.8
1/1/2023,Johor,male,bumi_malay,55-59,50
1/1/2023,Johor,male,bumi_malay,60-64,43.8
1/1/2023,Johor,male,bumi_malay,65-69,30.2
1/1/2023,Johor,male,bumi_malay,70-74,18.9
1/1/2023,Johor,male,bumi_malay,75-79,10.9
1/1/2023,Johor,male,bumi_malay,80-84,5.4
1/1/2023,Johor,male,bumi_malay,85+,5.4
1/1/2023,Johor,female,bumi_malay,15-19,94.1
1/1/2023,Johor,female,bumi_malay,20-24,97.9
1/1/2023,Johor,female,bumi_malay,25-29,88.6
1/1/2023,Johor,female,bumi_malay,30-34,85.2
1/1/2023,Johor,female,bumi_malay,35-39,85.2
1/1/2023,Johor,female,bumi_malay,40-44,75.8
1/1/2023,Johor,female,bumi_malay,45-49,58
1/1/2023,Johor,female,bumi_malay,50-54,56.3
1/1/2023,Johor,female,bumi_malay,55-59,51.5
1/1/2023,Johor,female,bumi_malay,60-64,44.1
1/1/2023,Johor,female,bumi_malay,65-69,32.7
1/1/2023,Johor,female,bumi_malay,70-74,20.1
1/1/2023,Johor,female,bumi_malay,75-79,12.3
1/1/2023,Johor,female,bumi_malay,80-84,6.5
1/1/2023,Johor,female,bumi_malay,85+,4.8
1/1/2023,Kedah,male,bumi_malay,15-19,69.2
1/1/2023,Kedah,male,bumi_malay,20-24,83.7
1/1/2023,Kedah,male,bumi_malay,25-29,83.9
1/1/2023,Kedah,male,bumi_malay,30-34,66
1/1/2023,Kedah,male,bumi_malay,35-39,51.9
1/1/2023,Kedah,male,bumi_malay,40-44,45.5
1/1/2023,Kedah,male,bumi_malay,45-49,43
1/1/2023,Kedah,male,bumi_malay,50-54,39.9
1/1/2023,Kedah,male,bumi_malay,55-59,37.9
1/1/2023,Kedah,male,bumi_malay,60-64,33.2
1/1/2023,Kedah,male,bumi_malay,65-69,26.2
1/1/2023,Kedah,male,bumi_malay,70-74,19.2
1/1/2023,Kedah,male,bumi_malay,75-79,11.3
1/1/2023,Kedah,male,bumi_malay,80-84,5.7
1/1/2023,Kedah,male,bumi_malay,85+,4.6
1/1/2023,Kedah,female,bumi_malay,15-19,65.2
1/1/2023,Kedah,female,bumi_malay,20-24,77.2
1/1/2023,Kedah,female,bumi_malay,25-29,80.2
1/1/2023,Kedah,female,bumi_malay,30-34,63.6
1/1/2023,Kedah,female,bumi_malay,35-39,55
1/1/2023,Kedah,female,bumi_malay,40-44,48.8
1/1/2023,Kedah,female,bumi_malay,45-49,43.2
1/1/2023,Kedah,female,bumi_malay,50-54,44.4
1/1/2023,Kedah,female,bumi_malay,55-59,41
1/1/2023,Kedah,female,bumi_malay,60-64,36.4
1/1/2023,Kedah,female,bumi_malay,65-69,30
1/1/2023,Kedah,female,bumi_malay,70-74,21.7
1/1/2023,Kedah,female,bumi_malay,75-79,13.5
1/1/2023,Kedah,female,bumi_malay,80-84,8.3
1/1/2023,Kedah,female,bumi_malay,85+,4.9
1/1/2023,Kelantan,male,bumi_malay,15-19,92.3
1/1/2023,Kelantan,male,bumi_malay,20-24,93.2
1/1/2023,Kelantan,male,bumi_malay,25-29,68.3
1/1/2023,Kelantan,male,bumi_malay,30-34,56.9
1/1/2023,Kelantan,male,bumi_malay,35-39,52.7
1/1/2023,Kelantan,male,bumi_malay,40-44,44.7
1/1/2023,Kelantan,male,bumi_malay,45-49,37.7
1/1/2023,Kelantan,male,bumi_malay,50-54,35.8
1/1/2023,Kelantan,male,bumi_malay,55-59,34.7
1/1/2023,Kelantan,male,bumi_malay,60-64,32.4
1/1/2023,Kelantan,male,bumi_malay,65-69,23.4
1/1/2023,Kelantan,male,bumi_malay,70-74,15.4
1/1/2023,Kelantan,male,bumi_malay,75-79,9
1/1/2023,Kelantan,male,bumi_malay,80-84,3.3
1/1/2023,Kelantan,male,bumi_malay,85+,1.8
1/1/2023,Kelantan,female,bumi_malay,15-19,87.3
1/1/2023,Kelantan,female,bumi_malay,20-24,97
1/1/2023,Kelantan,female,bumi_malay,25-29,69.4
1/1/2023,Kelantan,female,bumi_malay,30-34,54.3
1/1/2023,Kelantan,female,bumi_malay,35-39,52.4
1/1/2023,Kelantan,female,bumi_malay,40-44,42.8
1/1/2023,Kelantan,female,bumi_malay,45-49,39.4
1/1/2023,Kelantan,female,bumi_malay,50-54,39.9
1/1/2023,Kelantan,female,bumi_malay,55-59,39.1
1/1/2023,Kelantan,female,bumi_malay,60-64,36.2
1/1/2023,Kelantan,female,bumi_malay,65-69,26.6
1/1/2023,Kelantan,female,bumi_malay,70-74,17.9
1/1/2023,Kelantan,female,bumi_malay,75-79,10.6
1/1/2023,Kelantan,female,bumi_malay,80-84,5.2
1/1/2023,Kelantan,female,bumi_malay,85+,3.1
1/1/2023,Melaka,male,bumi_malay,15-19,31.9
1/1/2023,Melaka,male,bumi_malay,20-24,39.7
1/1/2023,Melaka,male,bumi_malay,25-29,28.2
1/1/2023,Melaka,male,bumi_malay,30-34,26
1/1/2023,Melaka,male,bumi_malay,35-39,24.7
1/1/2023,Melaka,male,bumi_malay,40-44,30.7
1/1/2023,Melaka,male,bumi_malay,45-49,15.1
1/1/2023,Melaka,male,bumi_malay,50-54,12.4
1/1/2023,Melaka,male,bumi_malay,55-59,11.4
1/1/2023,Melaka,male,bumi_malay,60-64,11
1/1/2023,Melaka,male,bumi_malay,65-69,7.9
1/1/2023,Melaka,male,bumi_malay,70-74,5.2
1/1/2023,Melaka,male,bumi_malay,75-79,2.5
1/1/2023,Melaka,male,bumi_malay,80-84,1.1
1/1/2023,Melaka,male,bumi_malay,85+,0.6
1/1/2023,Melaka,female,bumi_malay,15-19,29.3
1/1/2023,Melaka,female,bumi_malay,20-24,34.8
1/1/2023,Melaka,female,bumi_malay,25-29,30
1/1/2023,Melaka,female,bumi_malay,30-34,25.4
1/1/2023,Melaka,female,bumi_malay,35-39,24
1/1/2023,Melaka,female,bumi_malay,40-44,21.6
1/1/2023,Melaka,female,bumi_malay,45-49,23.8
1/1/2023,Melaka,female,bumi_malay,50-54,13.2
1/1/2023,Melaka,female,bumi_malay,55-59,12.7
1/1/2023,Melaka,female,bumi_malay,60-64,11.7
1/1/2023,Melaka,female,bumi_malay,65-69,8.8
1/1/2023,Melaka,female,bumi_malay,70-74,6.2
1/1/2023,Melaka,female,bumi_malay,75-79,3.1
1/1/2023,Melaka,female,bumi_malay,80-84,1.4
1/1/2023,Melaka,female,bumi_malay,85+,0.8
1/1/2023,Negeri Sembilan,male,bumi_malay,15-19,31.7
1/1/2023,Negeri Sembilan,male,bumi_malay,20-24,32.2
1/1/2023,Negeri Sembilan,male,bumi_malay,25-29,27.3
1/1/2023,Negeri Sembilan,male,bumi_malay,30-34,30.7
1/1/2023,Negeri Sembilan,male,bumi_malay,35-39,30.7
1/1/2023,Negeri Sembilan,male,bumi_malay,40-44,25.7
1/1/2023,Negeri Sembilan,male,bumi_malay,45-49,18
1/1/2023,Negeri Sembilan,male,bumi_malay,50-54,15.3
1/1/2023,Negeri Sembilan,male,bumi_malay,55-59,14.2
1/1/2023,Negeri Sembilan,male,bumi_malay,60-64,14.8
1/1/2023,Negeri Sembilan,male,bumi_malay,65-69,10.2
1/1/2023,Negeri Sembilan,male,bumi_malay,70-74,7.1
1/1/2023,Negeri Sembilan,male,bumi_malay,75-79,2.9
1/1/2023,Negeri Sembilan,male,bumi_malay,80-84,1.4
1/1/2023,Negeri Sembilan,male,bumi_malay,85+,0.4
1/1/2023,Negeri Sembilan,female,bumi_malay,15-19,27.8
1/1/2023,Negeri Sembilan,female,bumi_malay,20-24,33.2
1/1/2023,Negeri Sembilan,female,bumi_malay,25-29,27.4
1/1/2023,Negeri Sembilan,female,bumi_malay,30-34,29.7
1/1/2023,Negeri Sembilan,female,bumi_malay,35-39,30.3
1/1/2023,Negeri Sembilan,female,bumi_malay,40-44,23.5
1/1/2023,Negeri Sembilan,female,bumi_malay,45-49,19.2
1/1/2023,Negeri Sembilan,female,bumi_malay,50-54,15.6
1/1/2023,Negeri Sembilan,female,bumi_malay,55-59,16.2
1/1/2023,Negeri Sembilan,female,bumi_malay,60-64,15.8
1/1/2023,Negeri Sembilan,female,bumi_malay,65-69,11.4
1/1/2023,Negeri Sembilan,female,bumi_malay,70-74,7.5
1/1/2023,Negeri Sembilan,female,bumi_malay,75-79,3.2
1/1/2023,Negeri Sembilan,female,bumi_malay,80-84,1.6
1/1/2023,Negeri Sembilan,female,bumi_malay,85+,0.5
1/1/2023,Pahang,male,bumi_malay,15-19,62.3
1/1/2023,Pahang,male,bumi_malay,20-24,52.6
1/1/2023,Pahang,male,bumi_malay,25-29,40.8
1/1/2023,Pahang,male,bumi_malay,30-34,42.3
1/1/2023,Pahang,male,bumi_malay,35-39,46.4
1/1/2023,Pahang,male,bumi_malay,40-44,47.9
1/1/2023,Pahang,male,bumi_malay,45-49,32.9
1/1/2023,Pahang,male,bumi_malay,50-54,26.9
1/1/2023,Pahang,male,bumi_malay,55-59,22.3
1/1/2023,Pahang,male,bumi_malay,60-64,20.3
1/1/2023,Pahang,male,bumi_malay,65-69,14.5
1/1/2023,Pahang,male,bumi_malay,70-74,11.8
1/1/2023,Pahang,male,bumi_malay,75-79,7
1/1/2023,Pahang,male,bumi_malay,80-84,3.2
1/1/2023,Pahang,male,bumi_malay,85+,3.2
1/1/2023,Pahang,female,bumi_malay,15-19,56.2
1/1/2023,Pahang,female,bumi_malay,20-24,49.5
1/1/2023,Pahang,female,bumi_malay,25-29,37.4
1/1/2023,Pahang,female,bumi_malay,30-34,40.9
1/1/2023,Pahang,female,bumi_malay,35-39,46.1
1/1/2023,Pahang,female,bumi_malay,40-44,42.7
1/1/2023,Pahang,female,bumi_malay,45-49,36.5
1/1/2023,Pahang,female,bumi_malay,50-54,26.5
1/1/2023,Pahang,female,bumi_malay,55-59,23.1
1/1/2023,Pahang,female,bumi_malay,60-64,21.2
1/1/2023,Pahang,female,bumi_malay,65-69,15.7
1/1/2023,Pahang,female,bumi_malay,70-74,12.4
1/1/2023,Pahang,female,bumi_malay,75-79,7.6
1/1/2023,Pahang,female,bumi_malay,80-84,3.7
1/1/2023,Pahang,female,bumi_malay,85+,3
1/1/2023,Perak,male,bumi_malay,15-19,67.5
1/1/2023,Perak,male,bumi_malay,20-24,69.1
1/1/2023,Perak,male,bumi_malay,25-29,56.2
1/1/2023,Perak,male,bumi_malay,30-34,49.8
1/1/2023,Perak,male,bumi_malay,35-39,53.4
1/1/2023,Perak,male,bumi_malay,40-44,47.4
1/1/2023,Perak,male,bumi_malay,45-49,36.8
1/1/2023,Perak,male,bumi_malay,50-54,30.1
1/1/2023,Perak,male,bumi_malay,55-59,29.5
1/1/2023,Perak,male,bumi_malay,60-64,29.4
1/1/2023,Perak,male,bumi_malay,65-69,21.2
1/1/2023,Perak,male,bumi_malay,70-74,14.3
1/1/2023,Perak,male,bumi_malay,75-79,7
1/1/2023,Perak,male,bumi_malay,80-84,3
1/1/2023,Perak,male,bumi_malay,85+,1.2
1/1/2023,Perak,female,bumi_malay,15-19,61.8
1/1/2023,Perak,female,bumi_malay,20-24,66.2
1/1/2023,Perak,female,bumi_malay,25-29,54
1/1/2023,Perak,female,bumi_malay,30-34,47.5
1/1/2023,Perak,female,bumi_malay,35-39,53
1/1/2023,Perak,female,bumi_malay,40-44,44.9
1/1/2023,Perak,female,bumi_malay,45-49,39.3
1/1/2023,Perak,female,bumi_malay,50-54,32.9
1/1/2023,Perak,female,bumi_malay,55-59,33.9
1/1/2023,Perak,female,bumi_malay,60-64,31.9
1/1/2023,Perak,female,bumi_malay,65-69,24.3
1/1/2023,Perak,female,bumi_malay,70-74,17.4
1/1/2023,Perak,female,bumi_malay,75-79,9.4
1/1/2023,Perak,female,bumi_malay,80-84,4.6
1/1/2023,Perak,female,bumi_malay,85+,2.4
1/1/2023,Perlis,male,bumi_malay,15-19,15.1
1/1/2023,Perlis,male,bumi_malay,20-24,14
1/1/2023,Perlis,male,bumi_malay,25-29,11.4
1/1/2023,Perlis,male,bumi_malay,30-34,8.6
1/1/2023,Perlis,male,bumi_malay,35-39,9.1
1/1/2023,Perlis,male,bumi_malay,40-44,10.7
1/1/2023,Perlis,male,bumi_malay,45-49,6.2
1/1/2023,Perlis,male,bumi_malay,50-54,4.6
1/1/2023,Perlis,male,bumi_malay,55-59,4.8
1/1/2023,Perlis,male,bumi_malay,60-64,4.6
1/1/2023,Perlis,male,bumi_malay,65-69,3.3
1/1/2023,Perlis,male,bumi_malay,70-74,2.6
1/1/2023,Perlis,male,bumi_malay,75-79,1.5
1/1/2023,Perlis,male,bumi_malay,80-84,0.7
1/1/2023,Perlis,male,bumi_malay,85+,0.4
1/1/2023,Perlis,female,bumi_malay,15-19,13.6
1/1/2023,Perlis,female,bumi_malay,20-24,14.4
1/1/2023,Perlis,female,bumi_malay,25-29,11
1/1/2023,Perlis,female,bumi_malay,30-34,7.8
1/1/2023,Perlis,female,bumi_malay,35-39,9
1/1/2023,Perlis,female,bumi_malay,40-44,7.9
1/1/2023,Perlis,female,bumi_malay,45-49,9.9
1/1/2023,Perlis,female,bumi_malay,50-54,5.6
1/1/2023,Perlis,female,bumi_malay,55-59,5.4
1/1/2023,Perlis,female,bumi_malay,60-64,5.1
1/1/2023,Perlis,female,bumi_malay,65-69,4.2
1/1/2023,Perlis,female,bumi_malay,70-74,3.5
1/1/2023,Perlis,female,bumi_malay,75-79,1.8
1/1/2023,Perlis,female,bumi_malay,80-84,1.1
1/1/2023,Perlis,female,bumi_malay,85+,0.6
1/1/2023,Pulau Pinang,male,bumi_malay,15-19,27.9
1/1/2023,Pulau Pinang,male,bumi_malay,20-24,33
1/1/2023,Pulau Pinang,male,bumi_malay,25-29,38.5
1/1/2023,Pulau Pinang,male,bumi_malay,30-34,33.7
1/1/2023,Pulau Pinang,male,bumi_malay,35-39,35.7
1/1/2023,Pulau Pinang,male,bumi_malay,40-44,29.6
1/1/2023,Pulau Pinang,male,bumi_malay,45-49,22.8
1/1/2023,Pulau Pinang,male,bumi_malay,50-54,20.9
1/1/2023,Pulau Pinang,male,bumi_malay,55-59,16.6
1/1/2023,Pulau Pinang,male,bumi_malay,60-64,13.3
1/1/2023,Pulau Pinang,male,bumi_malay,65-69,9.7
1/1/2023,Pulau Pinang,male,bumi_malay,70-74,5.3
1/1/2023,Pulau Pinang,male,bumi_malay,75-79,1.8
1/1/2023,Pulau Pinang,male,bumi_malay,80-84,0.7
1/1/2023,Pulau Pinang,male,bumi_malay,85+,0.1
1/1/2023,Pulau Pinang,female,bumi_malay,15-19,25.6
1/1/2023,Pulau Pinang,female,bumi_malay,20-24,30.6
1/1/2023,Pulau Pinang,female,bumi_malay,25-29,33.6
1/1/2023,Pulau Pinang,female,bumi_malay,30-34,36.9
1/1/2023,Pulau Pinang,female,bumi_malay,35-39,36
1/1/2023,Pulau Pinang,female,bumi_malay,40-44,28.6
1/1/2023,Pulau Pinang,female,bumi_malay,45-49,22.1
1/1/2023,Pulau Pinang,female,bumi_malay,50-54,20.1
1/1/2023,Pulau Pinang,female,bumi_malay,55-59,17.3
1/1/2023,Pulau Pinang,female,bumi_malay,60-64,13.9
1/1/2023,Pulau Pinang,female,bumi_malay,65-69,11
1/1/2023,Pulau Pinang,female,bumi_malay,70-74,5.7
1/1/2023,Pulau Pinang,female,bumi_malay,75-79,2.3
1/1/2023,Pulau Pinang,female,bumi_malay,80-84,0.9
1/1/2023,Pulau Pinang,female,bumi_malay,85+,0.1
1/1/2023,Sabah,male,bumi_malay,15-19,19.2
1/1/2023,Sabah,male,bumi_malay,20-24,22.4
1/1/2023,Sabah,male,bumi_malay,25-29,12.4
1/1/2023,Sabah,male,bumi_malay,30-34,14.8
1/1/2023,Sabah,male,bumi_malay,35-39,16.7
1/1/2023,Sabah,male,bumi_malay,40-44,13
1/1/2023,Sabah,male,bumi_malay,45-49,8.8
1/1/2023,Sabah,male,bumi_malay,50-54,7.5
1/1/2023,Sabah,male,bumi_malay,55-59,6.3
1/1/2023,Sabah,male,bumi_malay,60-64,4.8
1/1/2023,Sabah,male,bumi_malay,65-69,3.2
1/1/2023,Sabah,male,bumi_malay,70-74,2
1/1/2023,Sabah,male,bumi_malay,75-79,0.8
1/1/2023,Sabah,male,bumi_malay,80-84,0.2
1/1/2023,Sabah,male,bumi_malay,85+,0.1
1/1/2023,Sabah,female,bumi_malay,15-19,14.4
1/1/2023,Sabah,female,bumi_malay,20-24,14.1
1/1/2023,Sabah,female,bumi_malay,25-29,8.2
1/1/2023,Sabah,female,bumi_malay,30-34,10.6
1/1/2023,Sabah,female,bumi_malay,35-39,12
1/1/2023,Sabah,female,bumi_malay,40-44,8.9
1/1/2023,Sabah,female,bumi_malay,45-49,6.1
1/1/2023,Sabah,female,bumi_malay,50-54,4.6
1/1/2023,Sabah,female,bumi_malay,55-59,3.8
1/1/2023,Sabah,female,bumi_malay,60-64,2.9
1/1/2023,Sabah,female,bumi_malay,65-69,3.8
1/1/2023,Sabah,female,bumi_malay,70-74,4.2
1/1/2023,Sabah,female,bumi_malay,75-79,2.4
1/1/2023,Sabah,female,bumi_malay,80-84,0.7
1/1/2023,Sabah,female,bumi_malay,85+,0.2
1/1/2023,Sarawak,male,bumi_malay,15-19,28.3
1/1/2023,Sarawak,male,bumi_malay,20-24,29.8
1/1/2023,Sarawak,male,bumi_malay,25-29,27.9
1/1/2023,Sarawak,male,bumi_malay,30-34,26.1
1/1/2023,Sarawak,male,bumi_malay,35-39,23.8
1/1/2023,Sarawak,male,bumi_malay,40-44,19.4
1/1/2023,Sarawak,male,bumi_malay,45-49,16
1/1/2023,Sarawak,male,bumi_malay,50-54,15.1
1/1/2023,Sarawak,male,bumi_malay,55-59,13.6
1/1/2023,Sarawak,male,bumi_malay,60-64,11
1/1/2023,Sarawak,male,bumi_malay,65-69,8
1/1/2023,Sarawak,male,bumi_malay,70-74,5.3
1/1/2023,Sarawak,male,bumi_malay,75-79,2.9
1/1/2023,Sarawak,male,bumi_malay,80-84,1.3
1/1/2023,Sarawak,male,bumi_malay,85+,0.6
1/1/2023,Sarawak,female,bumi_malay,15-19,26.2
1/1/2023,Sarawak,female,bumi_malay,20-24,28.9
1/1/2023,Sarawak,female,bumi_malay,25-29,26.3
1/1/2023,Sarawak,female,bumi_malay,30-34,24.6
1/1/2023,Sarawak,female,bumi_malay,35-39,22.3
1/1/2023,Sarawak,female,bumi_malay,40-44,18.8
1/1/2023,Sarawak,female,bumi_malay,45-49,16.3
1/1/2023,Sarawak,female,bumi_malay,50-54,15.4
1/1/2023,Sarawak,female,bumi_malay,55-59,13.8
1/1/2023,Sarawak,female,bumi_malay,60-64,11
1/1/2023,Sarawak,female,bumi_malay,65-69,8.1
1/1/2023,Sarawak,female,bumi_malay,70-74,5.6
1/1/2023,Sarawak,female,bumi_malay,75-79,3.3
1/1/2023,Sarawak,female,bumi_malay,80-84,1.7
1/1/2023,Sarawak,female,bumi_malay,85+,0.9
1/1/2023,Selangor,male,bumi_malay,15-19,150
1/1/2023,Selangor,male,bumi_malay,20-24,167.3
1/1/2023,Selangor,male,bumi_malay,25-29,150.4
1/1/2023,Selangor,male,bumi_malay,30-34,177.6
1/1/2023,Selangor,male,bumi_malay,35-39,202.1
1/1/2023,Selangor,male,bumi_malay,40-44,170.2
1/1/2023,Selangor,male,bumi_malay,45-49,132.9
1/1/2023,Selangor,male,bumi_malay,50-54,107.2
1/1/2023,Selangor,male,bumi_malay,55-59,85.6
1/1/2023,Selangor,male,bumi_malay,60-64,68.2
1/1/2023,Selangor,male,bumi_malay,65-69,57
1/1/2023,Selangor,male,bumi_malay,70-74,50.1
1/1/2023,Selangor,male,bumi_malay,75-79,24.7
1/1/2023,Selangor,male,bumi_malay,80-84,10
1/1/2023,Selangor,male,bumi_malay,85+,9.2
1/1/2023,Selangor,female,bumi_malay,15-19,141.2
1/1/2023,Selangor,female,bumi_malay,20-24,151.5
1/1/2023,Selangor,female,bumi_malay,25-29,143.3
1/1/2023,Selangor,female,bumi_malay,30-34,191.2
1/1/2023,Selangor,female,bumi_malay,35-39,212.3
1/1/2023,Selangor,female,bumi_malay,40-44,162.5
1/1/2023,Selangor,female,bumi_malay,45-49,118.1
1/1/2023,Selangor,female,bumi_malay,50-54,99.1
1/1/2023,Selangor,female,bumi_malay,55-59,80.4
1/1/2023,Selangor,female,bumi_malay,60-64,63.7
1/1/2023,Selangor,female,bumi_malay,65-69,53.3
1/1/2023,Selangor,female,bumi_malay,70-74,47.6
1/1/2023,Selangor,female,bumi_malay,75-79,29.1
1/1/2023,Selangor,female,bumi_malay,80-84,10.8
1/1/2023,Selangor,female,bumi_malay,85+,8.1
1/1/2023,Terengganu,male,bumi_malay,15-19,55.8
1/1/2023,Terengganu,male,bumi_malay,20-24,57.1
1/1/2023,Terengganu,male,bumi_malay,25-29,45.3
1/1/2023,Terengganu,male,bumi_malay,30-34,43.4
1/1/2023,Terengganu,male,bumi_malay,35-39,41.9
1/1/2023,Terengganu,male,bumi_malay,40-44,37
1/1/2023,Terengganu,male,bumi_malay,45-49,28.1
1/1/2023,Terengganu,male,bumi_malay,50-54,24.8
1/1/2023,Terengganu,male,bumi_malay,55-59,22.3
1/1/2023,Terengganu,male,bumi_malay,60-64,19.9
1/1/2023,Terengganu,male,bumi_malay,65-69,14.5
1/1/2023,Terengganu,male,bumi_malay,70-74,8.8
1/1/2023,Terengganu,male,bumi_malay,75-79,4.9
1/1/2023,Terengganu,male,bumi_malay,80-84,1.9
1/1/2023,Terengganu,male,bumi_malay,85+,0.9
1/1/2023,Terengganu,female,bumi_malay,15-19,51.9
1/1/2023,Terengganu,female,bumi_malay,20-24,55.1
1/1/2023,Terengganu,female,bumi_malay,25-29,44.4
1/1/2023,Terengganu,female,bumi_malay,30-34,41
1/1/2023,Terengganu,female,bumi_malay,35-39,40.7
1/1/2023,Terengganu,female,bumi_malay,40-44,34.8
1/1/2023,Terengganu,female,bumi_malay,45-49,28.8
1/1/2023,Terengganu,female,bumi_malay,50-54,26.4
1/1/2023,Terengganu,female,bumi_malay,55-59,24.7
1/1/2023,Terengganu,female,bumi_malay,60-64,21.5
1/1/2023,Terengganu,female,bumi_malay,65-69,15.9
1/1/2023,Terengganu,female,bumi_malay,70-74,9.9
1/1/2023,Terengganu,female,bumi_malay,75-79,5.9
1/1/2023,Terengganu,female,bumi_malay,80-84,3
1/1/2023,Terengganu,female,bumi_malay,85+,1.8
1/1/2023,W.P. Kuala Lumpur,male,bumi_malay,15-19,32.6
1/1/2023,W.P. Kuala Lumpur,male,bumi_malay,20-24,28.1
1/1/2023,W.P. Kuala Lumpur,male,bumi_malay,25-29,27.9
1/1/2023,W.P. Kuala Lumpur,male,bumi_malay,30-34,44.1
1/1/2023,W.P. Kuala Lumpur,male,bumi_malay,35-39,45.6
1/1/2023,W.P. Kuala Lumpur,male,bumi_malay,40-44,40.9
1/1/2023,W.P. Kuala Lumpur,male,bumi_malay,45-49,28.4
1/1/2023,W.P. Kuala Lumpur,male,bumi_malay,50-54,20.9
1/1/2023,W.P. Kuala Lumpur,male,bumi_malay,55-59,13.7
1/1/2023,W.P. Kuala Lumpur,male,bumi_malay,60-64,12.8
1/1/2023,W.P. Kuala Lumpur,male,bumi_malay,65-69,10
1/1/2023,W.P. Kuala Lumpur,male,bumi_malay,70-74,10.3
1/1/2023,W.P. Kuala Lumpur,male,bumi_malay,75-79,6.5
1/1/2023,W.P. Kuala Lumpur,male,bumi_malay,80-84,3.1
1/1/2023,W.P. Kuala Lumpur,male,bumi_malay,85+,3.2
1/1/2023,W.P. Kuala Lumpur,female,bumi_malay,15-19,30.9
1/1/2023,W.P. Kuala Lumpur,female,bumi_malay,20-24,25.3
1/1/2023,W.P. Kuala Lumpur,female,bumi_malay,25-29,30.5
1/1/2023,W.P. Kuala Lumpur,female,bumi_malay,30-34,47.4
1/1/2023,W.P. Kuala Lumpur,female,bumi_malay,35-39,46.6
1/1/2023,W.P. Kuala Lumpur,female,bumi_malay,40-44,40.4
1/1/2023,W.P. Kuala Lumpur,female,bumi_malay,45-49,27.8
1/1/2023,W.P. Kuala Lumpur,female,bumi_malay,50-54,19
1/1/2023,W.P. Kuala Lumpur,female,bumi_malay,55-59,14
1/1/2023,W.P. Kuala Lumpur,female,bumi_malay,60-64,13.3
1/1/2023,W.P. Kuala Lumpur,female,bumi_malay,65-69,10.3
1/1/2023,W.P. Kuala Lumpur,female,bumi_malay,70-74,10.8
1/1/2023,W.P. Kuala Lumpur,female,bumi_malay,75-79,7
1/1/2023,W.P. Kuala Lumpur,female,bumi_malay,80-84,3.3
1/1/2023,W.P. Kuala Lumpur,female,bumi_malay,85+,2
1/1/2023,W.P. Labuan,male,bumi_malay,15-19,1.5
1/1/2023,W.P. Labuan,male,bumi_malay,20-24,1.3
1/1/2023,W.P. Labuan,male,bumi_malay,25-29,1.3
1/1/2023,W.P. Labuan,male,bumi_malay,30-34,1.7
1/1/2023,W.P. Labuan,male,bumi_malay,35-39,2
1/1/2023,W.P. Labuan,male,bumi_malay,40-44,1.7
1/1/2023,W.P. Labuan,male,bumi_malay,45-49,0.9
1/1/2023,W.P. Labuan,male,bumi_malay,50-54,0.6
1/1/2023,W.P. Labuan,male,bumi_malay,55-59,0.6
1/1/2023,W.P. Labuan,male,bumi_malay,60-64,0.5
1/1/2023,W.P. Labuan,male,bumi_malay,65-69,0.3
1/1/2023,W.P. Labuan,male,bumi_malay,70-74,0.2
1/1/2023,W.P. Labuan,male,bumi_malay,75-79,0.1
1/1/2023,W.P. Labuan,male,bumi_malay,80-84,0
1/1/2023,W.P. Labuan,male,bumi_malay,85+,0.1
1/1/2023,W.P. Labuan,female,bumi_malay,15-19,1.3
1/1/2023,W.P. Labuan,female,bumi_malay,20-24,1.6
1/1/2023,W.P. Labuan,female,bumi_malay,25-29,1.3
1/1/2023,W.P. Labuan,female,bumi_malay,30-34,1.5
1/1/2023,W.P. Labuan,female,bumi_malay,35-39,1.6
1/1/2023,W.P. Labuan,female,bumi_malay,40-44,1.1
1/1/2023,W.P. Labuan,female,bumi_malay,45-49,0.9
1/1/2023,W.P. Labuan,female,bumi_malay,50-54,0.7
1/1/2023,W.P. Labuan,female,bumi_malay,55-59,0.6
1/1/2023,W.P. Labuan,female,bumi_malay,60-64,0.4
1/1/2023,W.P. Labuan,female,bumi_malay,65-69,0.2
1/1/2023,W.P. Labuan,female,bumi_malay,70-74,0.2
1/1/2023,W.P. Labuan,female,bumi_malay,75-79,0
1/1/2023,W.P. Labuan,female,bumi_malay,80-84,0
1/1/2023,W.P. Labuan,female,bumi_malay,85+,0.1
1/1/2023,W.P. Putrajaya,male,bumi_malay,15-19,4.4
1/1/2023,W.P. Putrajaya,male,bumi_malay,20-24,2.2
1/1/2023,W.P. Putrajaya,male,bumi_malay,25-29,2
1/1/2023,W.P. Putrajaya,male,bumi_malay,30-34,2.9
1/1/2023,W.P. Putrajaya,male,bumi_malay,35-39,6.2
1/1/2023,W.P. Putrajaya,male,bumi_malay,40-44,6.7
1/1/2023,W.P. Putrajaya,male,bumi_malay,45-49,3.2
1/1/2023,W.P. Putrajaya,male,bumi_malay,50-54,1.7
1/1/2023,W.P. Putrajaya,male,bumi_malay,55-59,1.3
1/1/2023,W.P. Putrajaya,male,bumi_malay,60-64,0.8
1/1/2023,W.P. Putrajaya,male,bumi_malay,65-69,0.5
1/1/2023,W.P. Putrajaya,male,bumi_malay,70-74,0.2
1/1/2023,W.P. Putrajaya,male,bumi_malay,75-79,0.1
1/1/2023,W.P. Putrajaya,male,bumi_malay,80-84,0
1/1/2023,W.P. Putrajaya,male,bumi_malay,85+,0
1/1/2023,W.P. Putrajaya,female,bumi_malay,15-19,4.1
1/1/2023,W.P. Putrajaya,female,bumi_malay,20-24,2.1
1/1/2023,W.P. Putrajaya,female,bumi_malay,25-29,2.6
1/1/2023,W.P. Putrajaya,female,bumi_malay,30-34,3.9
1/1/2023,W.P. Putrajaya,female,bumi_malay,35-39,8.4
1/1/2023,W.P. Putrajaya,female,bumi_malay,40-44,7.5
1/1/2023,W.P. Putrajaya,female,bumi_malay,45-49,3.1
1/1/2023,W.P. Putrajaya,female,bumi_malay,50-54,1.7
1/1/2023,W.P. Putrajaya,female,bumi_malay,55-59,1.3
1/1/2023,W.P. Putrajaya,female,bumi_malay,60-64,0.9
1/1/2023,W.P. Putrajaya,female,bumi_malay,65-69,0.5
1/1/2023,W.P. Putrajaya,female,bumi_malay,70-74,0.3
1/1/2023,W.P. Putrajaya,female,bumi_malay,75-79,0.2
1/1/2023,W.P. Putrajaya,female,bumi_malay,80-84,0.1
1/1/2023,W.P. Putrajaya,female,bumi_malay,85+,0
